"NAME";"GS br  follow link to MSigDB";"GS DETAILS";"SIZE";"ES";"NES";"NOM p val";"FDR q val";"FWER p val";"RANK AT MAX";"LEADING EDGE"
"CYTOKINE_CYTOKINE_RECEPTOR_INTERACTION (hsa04060)";"https://www.gsea-msigdb.org/gsea/msigdb/cards/KEGG_CYTOKINE_CYTOKINE_RECEPTOR_INTERACTION.html";"Cytokine-cytokine receptor interaction";263;0,75690824;1,4374331;0;0,52792937;0,374;2593;"tags=25%, list=7%, signal=26%"
"CYTOSOLIC_DNA_SENSING_PATHWAY (hsa04623)";"https://www.gsea-msigdb.org/gsea/msigdb/cards/KEGG_CYTOSOLIC_DNA_SENSING_PATHWAY.html";"Cytosolic DNA-sensing pathway";55;0,8872425;1,420751;0,0064;0,43895417;0,554;1900;"tags=7%, list=5%, signal=8%"
"MEDICUS_REFERENCE_RIG_I_IRF7_3_SIGNALING_PATHWAY (N00469)";"https://www.gsea-msigdb.org/gsea/msigdb/cards/KEGG_MEDICUS_REFERENCE_RIG_I_IRF7_3_SIGNALING_PATHWAY.html";"Pathway Definition from KEGG: RNA -> RIGI -> MAVS -> TRAF3 -> (TANK+NAP1+SINTBAD) -> (TBK1+IKBKE) -> (IRF7,IRF3) => (IFNA,IFNB1)";24;0,949391;1,3551904;0,010309278;1;0,986;164;"tags=4%, list=0%, signal=4%"
"OLFACTORY_TRANSDUCTION (hsa04740)";"https://www.gsea-msigdb.org/gsea/msigdb/cards/KEGG_OLFACTORY_TRANSDUCTION.html";"Olfactory transduction";387;0,67868596;1,3381169;0,010709505;1;0,998;3660;"tags=7%, list=10%, signal=8%"
"MEDICUS_REFERENCE_EGF_EGFR_PLCG_CALCINEURIN_SIGNALING_PATHWAY (N00147)";"https://www.gsea-msigdb.org/gsea/msigdb/cards/KEGG_MEDICUS_REFERENCE_EGF_EGFR_PLCG_CALCINEURIN_SIGNALING_PATHWAY.html";"Pathway Definition from KEGG: EGF -> EGFR -> PLCG -> IP3 -> Ca2+ -> CALM == CN -> NFAT";16;0,96688;1,3335391;0,0103270225;1;0,999;754;"tags=25%, list=2%, signal=26%"
"MEDICUS_REFERENCE_CYTOKINE_JAK_STAT_SIGNALING_PATHWAY (N00053)";"https://www.gsea-msigdb.org/gsea/msigdb/cards/KEGG_MEDICUS_REFERENCE_CYTOKINE_JAK_STAT_SIGNALING_PATHWAY.html";"Pathway Definition from KEGG: Cytokine -> Receptor -> JAK -> STAT => PIM1";45;0,8598886;1,3311723;0,047765795;1;0,999;3022;"tags=29%, list=8%, signal=31%"
"HEDGEHOG_SIGNALING_PATHWAY (hsa04340)";"https://www.gsea-msigdb.org/gsea/msigdb/cards/KEGG_HEDGEHOG_SIGNALING_PATHWAY.html";"Hedgehog signaling pathway";56;0,8291426;1,3239934;0,055214725;1;1;2003;"tags=25%, list=6%, signal=26%"
"MEDICUS_REFERENCE_MDA5_IRF7_3_SIGNALING_PATHWAY (N01308)";"https://www.gsea-msigdb.org/gsea/msigdb/cards/KEGG_MEDICUS_REFERENCE_MDA5_IRF7_3_SIGNALING_PATHWAY.html";"Pathway Definition from KEGG: RNA -> MDA5 -> MAVS -> TRAF3 -> (TANK+NAP1+SINTBAD) -> (TBK1+IKBKE) -> (IRF7,IRF3) => (IFNA,IFNB1)";24;0,9160537;1,3197563;0,040849674;1;1;1755;"tags=8%, list=5%, signal=9%"
"FOCAL_ADHESION (hsa04510)";"https://www.gsea-msigdb.org/gsea/msigdb/cards/KEGG_FOCAL_ADHESION.html";"Focal adhesion";199;0,70690423;1,3166696;0,0433526;1;1;1908;"tags=21%, list=5%, signal=22%"
"MEDICUS_REFERENCE_IL2_FAMILY_TO_JAK_STAT_SIGNALING_PATHWAY (N01554)";"https://www.gsea-msigdb.org/gsea/msigdb/cards/KEGG_MEDICUS_REFERENCE_IL2_FAMILY_TO_JAK_STAT_SIGNALING_PATHWAY.html";"Pathway Definition from KEGG: (IL2,IL4,IL7,IL9,IL15,IL21,TSLP) -> ((IL2RG+IL2RB+(IL2RA,IL15RA),(IL2RG+(IL4R,IL7R,IL9R,IL21R),(IL7R+CRLF2)) -> (JAK1+JAK3) -> (STAT1,STAT3,STAT5,STAT6)";23;0,9106946;1,3148162;0,046979867;1;1;2557;"tags=39%, list=7%, signal=42%"
"MEDICUS_REFERENCE_CGAS_STING_SIGNALING_PATHWAY (N00395)";"https://www.gsea-msigdb.org/gsea/msigdb/cards/KEGG_MEDICUS_REFERENCE_CGAS_STING_SIGNALING_PATHWAY.html";"Pathway Definition from KEGG: DNA -> CGAS -> cGAMP -> STING1 -> TBK1 -> IRF3 => (IFNA,IFNB)";18;0,947032;1,3112167;0,0321489;1;1;1900;"tags=11%, list=5%, signal=12%"
"MEDICUS_VARIANT_MUTATION_ACTIVATED_MET_TO_RAS_ERK_SIGNALING_PATHWAY (N00005)";"https://www.gsea-msigdb.org/gsea/msigdb/cards/KEGG_MEDICUS_VARIANT_MUTATION_ACTIVATED_MET_TO_RAS_ERK_SIGNALING_PATHWAY.html";"Pathway Definition from KEGG: MET* -> GRB2 -> SOS -> RAS -> RAF -> MEK -> ERK -> CCND1";15;0,95317936;1,3053073;0,016245488;1;1;56;"tags=7%, list=0%, signal=7%"
"MEDICUS_VARIANT_MUTATION_ACTIVATED_SMO_TO_HEDGEHOG_SIGNALING_PATHWAY (N00017)";"https://www.gsea-msigdb.org/gsea/msigdb/cards/KEGG_MEDICUS_VARIANT_MUTATION_ACTIVATED_SMO_TO_HEDGEHOG_SIGNALING_PATHWAY.html";"Pathway Definition from KEGG: SMO* -> (SUFU+KIF7) // GLI => (BMP2/4,HHIP,GLI1,PTCH,WNT)";29;0,88487566;1,305066;0,053511705;1;1;2003;"tags=41%, list=6%, signal=44%"
"MEDICUS_VARIANT_MUTATION_INACTIVATED_PTCH1_TO_HEDGEHOG_SIGNALING_PATHWAY (N00010)";"https://www.gsea-msigdb.org/gsea/msigdb/cards/KEGG_MEDICUS_VARIANT_MUTATION_INACTIVATED_PTCH1_TO_HEDGEHOG_SIGNALING_PATHWAY.html";"Pathway Definition from KEGG: PTCH1* // SMO -> (SUFU+KIF7) // GLI => (BMP2/4,HHIP,GLI1,PTCH,WNT)";29;0,88487566;1,2966784;0,065436244;1;1;2003;"tags=41%, list=6%, signal=44%"
"MEDICUS_REFERENCE_TLR3_IRF7_SIGNALING_PATHWAY (N00148)";"https://www.gsea-msigdb.org/gsea/msigdb/cards/KEGG_MEDICUS_REFERENCE_TLR3_IRF7_SIGNALING_PATHWAY.html";"Pathway Definition from KEGG: TLR3 -> TICAM1 -> TRAF3 -> (IKBKE+TBK1) -> IRF7 => IFNA";19;0,9142396;1,2910868;0,05892256;1;1;164;"tags=5%, list=0%, signal=5%"
"MEDICUS_VARIANT_EGF_OVEREXPRESSION_TO_RAS_ERK_SIGNALING_PATHWAY (N00276)";"https://www.gsea-msigdb.org/gsea/msigdb/cards/KEGG_MEDICUS_VARIANT_EGF_OVEREXPRESSION_TO_RAS_ERK_SIGNALING_PATHWAY.html";"Pathway Definition from KEGG: EGF* -> EGFR -> GRB2 -> SOS -> RAS -> RAF -> MEK -> ERK";15;0,94372815;1,2863196;0,03723404;1;1;131;"tags=7%, list=0%, signal=7%"
"TOLL_LIKE_RECEPTOR_SIGNALING_PATHWAY (hsa04620)";"https://www.gsea-msigdb.org/gsea/msigdb/cards/KEGG_TOLL_LIKE_RECEPTOR_SIGNALING_PATHWAY.html";"Toll-like receptor signaling pathway";102;0,7473473;1,2851781;0,07794118;1;1;2582;"tags=15%, list=7%, signal=16%"
"MEDICUS_REFERENCE_EGF_EGFR_RAS_ERK_SIGNALING_PATHWAY (N00001)";"https://www.gsea-msigdb.org/gsea/msigdb/cards/KEGG_MEDICUS_REFERENCE_EGF_EGFR_RAS_ERK_SIGNALING_PATHWAY.html";"Pathway Definition from KEGG: EGF -> EGFR -> GRB2 -> SOS -> RAS -> RAF -> MEK -> ERK -> CCND1";16;0,93572676;1,283755;0,06417112;1;1;131;"tags=6%, list=0%, signal=6%"
"SMALL_CELL_LUNG_CANCER (hsa05222)";"https://www.gsea-msigdb.org/gsea/msigdb/cards/KEGG_SMALL_CELL_LUNG_CANCER.html";"Small cell lung cancer";84;0,7601135;1,277449;0,09259259;1;1;2951;"tags=23%, list=8%, signal=25%"
"TGF_BETA_SIGNALING_PATHWAY (hsa04350)";"https://www.gsea-msigdb.org/gsea/msigdb/cards/KEGG_TGF_BETA_SIGNALING_PATHWAY.html";"TGF-beta signaling pathway";85;0,75024235;1,2713355;0,10962963;1;1;312;"tags=9%, list=1%, signal=9%"
"PROTEASOME (hsa03050)";"https://www.gsea-msigdb.org/gsea/msigdb/cards/KEGG_PROTEASOME.html";"Proteasome";45;0,8064551;1,2679154;0,1264;1;1;4886;"tags=24%, list=13%, signal=28%"
"ALLOGRAFT_REJECTION (hsa05330)";"https://www.gsea-msigdb.org/gsea/msigdb/cards/KEGG_ALLOGRAFT_REJECTION.html";"Allograft rejection";35;0,8308161;1,2615762;0,13703099;1;1;4140;"tags=37%, list=11%, signal=42%"
"MEDICUS_REFERENCE_P300_P21_CELL_CYCLE_G1_S (N00347)";"https://www.gsea-msigdb.org/gsea/msigdb/cards/KEGG_MEDICUS_REFERENCE_P300_P21_CELL_CYCLE_G1_S.html";"Pathway Definition from KEGG: (ATM,ATR) -> TADA3 -> EP300 -> TP53 => CDKN1A -| (CCND+CDK4/6) -> RB1 // E2F";15;0,91528124;1,2541225;0,1;1;1;101;"tags=7%, list=0%, signal=7%"
"MEDICUS_REFERENCE_AREG_EGFR_RAS_ERK_SIGNALING_PATHWAY (N00279)";"https://www.gsea-msigdb.org/gsea/msigdb/cards/KEGG_MEDICUS_REFERENCE_AREG_EGFR_RAS_ERK_SIGNALING_PATHWAY.html";"Pathway Definition from KEGG: AREG -> EGFR -> GRB2 -> SOS -> RAS -> RAF -> MEK -> ERK";15;0,9195267;1,2536135;0,125;1;1;285;"tags=7%, list=1%, signal=7%"
"GRAFT_VERSUS_HOST_DISEASE (hsa05332)";"https://www.gsea-msigdb.org/gsea/msigdb/cards/KEGG_GRAFT_VERSUS_HOST_DISEASE.html";"Graft-versus-host disease";37;0,8221844;1,2526598;0,14638157;1;1;4140;"tags=43%, list=11%, signal=49%"
"PATHOGENIC_ESCHERICHIA_COLI_INFECTION (hsa05130)";"https://www.gsea-msigdb.org/gsea/msigdb/cards/KEGG_PATHOGENIC_ESCHERICHIA_COLI_INFECTION.html";"Pathogenic Escherichia coli infection";56;0,79642284;1,2524352;0,123853214;1;1;1885;"tags=16%, list=5%, signal=17%"
"MEDICUS_REFERENCE_RAB7_REGULATED_MICROTUBULE_MINUS_END_DIRECTED_TRANSPORT (N01295)";"https://www.gsea-msigdb.org/gsea/msigdb/cards/KEGG_MEDICUS_REFERENCE_RAB7_REGULATED_MICROTUBULE_MINUS_END_DIRECTED_TRANSPORT.html";"Pathway Definition from KEGG: RAB7 == RILP == OSBPL1A == (DYNC+DYNL+DCTN+ACTR1+ACTR10) == (TUBA+TUBB)";43;0,8023028;1,2494819;0,14440994;1;1;1263;"tags=12%, list=3%, signal=12%"
"NOD_LIKE_RECEPTOR_SIGNALING_PATHWAY (hsa04621)";"https://www.gsea-msigdb.org/gsea/msigdb/cards/KEGG_NOD_LIKE_RECEPTOR_SIGNALING_PATHWAY.html";"NOD-like receptor signaling pathway";62;0,77512944;1,2462078;0,12845528;1;1;2593;"tags=21%, list=7%, signal=23%"
"MEDICUS_REFERENCE_BRANCHING_MICROTUBULE_NUCLEATION (N01549)";"https://www.gsea-msigdb.org/gsea/msigdb/cards/KEGG_MEDICUS_REFERENCE_BRANCHING_MICROTUBULE_NUCLEATION.html";"Pathway Definition from KEGG: gamma-TuRC == Augumin == TPX2+microtubule";33;0,82740927;1,2364856;0,13874789;1;1;1263;"tags=12%, list=3%, signal=13%"
"MEDICUS_REFERENCE_EGF_EGFR_PLCG_ERK_SIGNALING_PATHWAY (N00023)";"https://www.gsea-msigdb.org/gsea/msigdb/cards/KEGG_MEDICUS_REFERENCE_EGF_EGFR_PLCG_ERK_SIGNALING_PATHWAY.html";"Pathway Definition from KEGG: EGF -> EGFR -> PLCG -> IP3 -> (Ca2+,DAG) -> PKC -> RAF -> MEK -> ERK -> CCND1";15;0,9027164;1,2326909;0,15613383;1;1;1580;"tags=20%, list=4%, signal=21%"
"O_GLYCAN_BIOSYNTHESIS (hsa00512)";"https://www.gsea-msigdb.org/gsea/msigdb/cards/KEGG_O_GLYCAN_BIOSYNTHESIS.html";"O-Glycan biosynthesis";30;0,83526844;1,2282591;0,16108453;1;1;2896;"tags=33%, list=8%, signal=36%"
"MEDICUS_REFERENCE_EGF_EGFR_RAS_PI3K_SIGNALING_PATHWAY (N00030)";"https://www.gsea-msigdb.org/gsea/msigdb/cards/KEGG_MEDICUS_REFERENCE_EGF_EGFR_RAS_PI3K_SIGNALING_PATHWAY.html";"Pathway Definition from KEGG: EGF -> EGFR -> GRB2 -> SOS -> RAS -> PI3K -> PIP3 -> AKT -| BAD";15;0,89710844;1,2247398;0,15817223;1;1;2907;"tags=20%, list=8%, signal=22%"
"MEDICUS_REFERENCE_EGF_ERBB2_RAS_ERK_SIGNALING_PATHWAY (N00021)";"https://www.gsea-msigdb.org/gsea/msigdb/cards/KEGG_MEDICUS_REFERENCE_EGF_ERBB2_RAS_ERK_SIGNALING_PATHWAY.html";"Pathway Definition from KEGG: EGF -> (ERBB2+EGFR) -> GRB2 -> SOS -> RAS -> RAF -> MEK -> ERK";16;0,89185816;1,2231195;0,18149467;1;1;131;"tags=6%, list=0%, signal=6%"
"MEDICUS_PATHOGEN_HCMV_US28_TO_GNAQ_PLCB_G_CALCINEURIN_SIGNALING_PATHWAY (N00402)";"https://www.gsea-msigdb.org/gsea/msigdb/cards/KEGG_MEDICUS_PATHOGEN_HCMV_US28_TO_GNAQ_PLCB_G_CALCINEURIN_SIGNALING_PATHWAY.html";"Pathway Definition from KEGG: US28 -> GNAQ -> PLCB -> IP3 -> Ca2+ -> CALM == CN -> NFAT => (CXCL8,PTGS2)";19;0,87430954;1,2214013;0,18086956;1;1;1302;"tags=26%, list=4%, signal=27%"
"MEDICUS_VARIANT_SCRAPIE_CONFORMATION_PRPSC_TO_26S_PROTEASOME_MEDIATED_PROTEIN_DEGRADATION (N01197)";"https://www.gsea-msigdb.org/gsea/msigdb/cards/KEGG_MEDICUS_VARIANT_SCRAPIE_CONFORMATION_PRPSC_TO_26S_PROTEASOME_MEDIATED_PROTEIN_DEGRADATION.html";"Pathway Definition from KEGG: PRNP* -| 26S";36;0,80152816;1,2203141;0,20257235;1;1;4898;"tags=31%, list=13%, signal=35%"
"MEDICUS_REFERENCE_IL6_FAMILY_TO_JAK_STAT_SIGNALING_PATHWAY (N01556)";"https://www.gsea-msigdb.org/gsea/msigdb/cards/KEGG_MEDICUS_REFERENCE_IL6_FAMILY_TO_JAK_STAT_SIGNALING_PATHWAY.html";"Pathway Definition from KEGG: (IL6,IL11,IL13,IL27,IL31,OSM,LIF,CNTF,CTF1,CLCF1) -> ((IL6ST+(IL6R,IL11RA,IL27RA,OSMR,LIFR,CNTFR)),(IL4R+IL13RA),(IL31RA+OSMR)) -> (JAK1+JAK2+TYK2) -> (STAT1,STAT3,STAT6)";27;0,83242714;1,2152145;0,20517242;1;1;1705;"tags=30%, list=5%, signal=31%"
"PHOSPHATIDYLINOSITOL_SIGNALING_SYSTEM (hsa04070)";"https://www.gsea-msigdb.org/gsea/msigdb/cards/KEGG_PHOSPHATIDYLINOSITOL_SIGNALING_SYSTEM.html";"Phosphatidylinositol signaling system";76;0,73122483;1,2151184;0,14417177;1;1;2620;"tags=21%, list=7%, signal=23%"
"LEISHMANIA_INFECTION (hsa05140)";"https://www.gsea-msigdb.org/gsea/msigdb/cards/KEGG_LEISHMANIA_INFECTION.html";"Leishmania infection";69;0,74095666;1,2132063;0,19303797;1;1;3076;"tags=20%, list=8%, signal=22%"
"MEDICUS_REFERENCE_WNT_SIGNALING_MODULATION_WNT_ACYLATION (N01443)";"https://www.gsea-msigdb.org/gsea/msigdb/cards/KEGG_MEDICUS_REFERENCE_WNT_SIGNALING_MODULATION_WNT_ACYLATION.html";"Pathway Definition from KEGG: PORCN -> WNT";19;0,8514459;1,2124707;0,25719425;1;1;1824;"tags=37%, list=5%, signal=39%"
"MEDICUS_REFERENCE_EREG_EGFR_RAS_ERK_SIGNALING_PATHWAY (N00277)";"https://www.gsea-msigdb.org/gsea/msigdb/cards/KEGG_MEDICUS_REFERENCE_EREG_EGFR_RAS_ERK_SIGNALING_PATHWAY.html";"Pathway Definition from KEGG: EREG -> EGFR -> GRB2 -> SOS -> RAS -> RAF -> MEK -> ERK";15;0,8842938;1,2116468;0,175;1;1;484;"tags=7%, list=1%, signal=7%"
"MEDICUS_REFERENCE_MICROTUBULE_NUCLEATION (N01544)";"https://www.gsea-msigdb.org/gsea/msigdb/cards/KEGG_MEDICUS_REFERENCE_MICROTUBULE_NUCLEATION.html";"Pathway Definition from KEGG: CDK5RAP2 == gamma-TuRC+TPX2 == ch-TOG == microtubule";28;0,8333791;1,2106441;0,22036728;1;1;1263;"tags=14%, list=3%, signal=15%"
"MEDICUS_REFERENCE_KINETOCHORE_FIBER_ORGANIZATION (N01547)";"https://www.gsea-msigdb.org/gsea/msigdb/cards/KEGG_MEDICUS_REFERENCE_KINETOCHORE_FIBER_ORGANIZATION.html";"Pathway Definition from KEGG: AURKA -- (TACC3+ch-TOG) -> (TACC3+ch-TOG) == microtubule -> clathrin == (TACC3+ch-TOG) == microtubule";23;0,83179563;1,2033324;0,24014337;1;1;1263;"tags=17%, list=3%, signal=18%"
"MEDICUS_REFERENCE_MICROTUBULE_DEPOLYMERIZATION (N01561)";"https://www.gsea-msigdb.org/gsea/msigdb/cards/KEGG_MEDICUS_REFERENCE_MICROTUBULE_DEPOLYMERIZATION.html";"Pathway Definition from KEGG: (AURKA,AURKB) -| (MCAK+KIF18B) == EB1,EB3 == microtubule";23;0,8299014;1,1939752;0,23980424;1;1;1263;"tags=17%, list=3%, signal=18%"
"MEDICUS_ENV_FACTOR_ZN_TO_ANTEROGRADE_AXONAL_TRANSPORT (N01403)";"https://www.gsea-msigdb.org/gsea/msigdb/cards/KEGG_MEDICUS_ENV_FACTOR_ZN_TO_ANTEROGRADE_AXONAL_TRANSPORT.html";"Pathway Definition from KEGG: Zn2+ -> GSK3B -> MAPT -| (TUBA+TUBB)";19;0,83823454;1,1902741;0,26775956;1;1;1263;"tags=21%, list=3%, signal=22%"
"RENAL_CELL_CARCINOMA (hsa05211)";"https://www.gsea-msigdb.org/gsea/msigdb/cards/KEGG_RENAL_CELL_CARCINOMA.html";"Renal cell carcinoma";70;0,71056044;1,1871513;0,22844176;1;1;1810;"tags=11%, list=5%, signal=12%"
"MEDICUS_REFERENCE_MICROTUBULE_DEPOLYMERIZATION_AT_THE_MINUS_ENDS (N01562)";"https://www.gsea-msigdb.org/gsea/msigdb/cards/KEGG_MEDICUS_REFERENCE_MICROTUBULE_DEPOLYMERIZATION_AT_THE_MINUS_ENDS.html";"Pathway Definition from KEGG: PLK1 -> KIF2A == DDA3 == microtubule";20;0,84202373;1,186815;0,24489796;1;1;1263;"tags=20%, list=3%, signal=21%"
"MEDICUS_REFERENCE_PROMOTION_OF_MICROTUBULE_GROWTH (N01553)";"https://www.gsea-msigdb.org/gsea/msigdb/cards/KEGG_MEDICUS_REFERENCE_PROMOTION_OF_MICROTUBULE_GROWTH.html";"Pathway Definition from KEGG: (CLIP1,CLIP2)+(CLASP1,CLASP2) == EB1 == microtubule";22;0,83046305;1,1845739;0,23287672;1;1;1263;"tags=18%, list=3%, signal=19%"
"MEDICUS_REFERENCE_MICROTUBULE_RHOA_SIGNALING_PATHWAY (N01285)";"https://www.gsea-msigdb.org/gsea/msigdb/cards/KEGG_MEDICUS_REFERENCE_MICROTUBULE_RHOA_SIGNALING_PATHWAY.html";"Pathway Definition from KEGG: (TUBA+TUBB) -| ARHGEF2 -> RHOA -> ROCK1/2";21;0,832907;1,183959;0,26377296;1;1;1263;"tags=19%, list=3%, signal=20%"
"BASAL_CELL_CARCINOMA (hsa05217)";"https://www.gsea-msigdb.org/gsea/msigdb/cards/KEGG_BASAL_CELL_CARCINOMA.html";"Basal cell carcinoma";55;0,74018264;1,1836067;0,24761905;1;1;2832;"tags=27%, list=8%, signal=30%"
"GLYCOSAMINOGLYCAN_DEGRADATION (hsa00531)";"https://www.gsea-msigdb.org/gsea/msigdb/cards/KEGG_GLYCOSAMINOGLYCAN_DEGRADATION.html";"Glycosaminoglycan degradation";21;0,84129333;1,1828386;0,22696246;1;1;188;"tags=5%, list=1%, signal=5%"
"MEDICUS_VARIANT_MUTATION_CAUSED_ABERRANT_SNCA_TO_26S_PROTEASOME_MEDIATED_PROTEIN_DEGRADATION (N01030)";"https://www.gsea-msigdb.org/gsea/msigdb/cards/KEGG_MEDICUS_VARIANT_MUTATION_CAUSED_ABERRANT_SNCA_TO_26S_PROTEASOME_MEDIATED_PROTEIN_DEGRADATION.html";"Pathway Definition from KEGG: SNCA* -| 26S";36;0,7791148;1,1826516;0,24252492;1;1;6231;"tags=42%, list=17%, signal=50%"
"MEDICUS_REFERENCE_TGFA_EGFR_RAS_ERK_SIGNALING_PATHWAY (N00229)";"https://www.gsea-msigdb.org/gsea/msigdb/cards/KEGG_MEDICUS_REFERENCE_TGFA_EGFR_RAS_ERK_SIGNALING_PATHWAY.html";"Pathway Definition from KEGG: TGFA -> EGFR -> GRB2 -> SOS -> RAS -> RAF -> MEK -> ERK";15;0,8700277;1,1821742;0,26465365;1;1;575;"tags=7%, list=2%, signal=7%"
"MEDICUS_VARIANT_MUTATION_CAUSED_ABERRANT_ABETA_TO_26S_PROTEASOME_MEDIATED_PROTEIN_DEGRADATION (N01060)";"https://www.gsea-msigdb.org/gsea/msigdb/cards/KEGG_MEDICUS_VARIANT_MUTATION_CAUSED_ABERRANT_ABETA_TO_26S_PROTEASOME_MEDIATED_PROTEIN_DEGRADATION.html";"Pathway Definition from KEGG: APP* -> Abeta -| 26S";36;0,7835347;1,1803613;0,2284264;1;1;6231;"tags=42%, list=17%, signal=50%"
"MEDICUS_REFERENCE_EGF_EGFR_ACTIN_SIGNALING_PATHWAY (N01078)";"https://www.gsea-msigdb.org/gsea/msigdb/cards/KEGG_MEDICUS_REFERENCE_EGF_EGFR_ACTIN_SIGNALING_PATHWAY.html";"Pathway Definition from KEGG: EGF -> EGFR -> SRC -> CTTN -> NCK -> (WASL+WIPF) -> ARP2/3 -> (ACTB,ACTG1)";21;0,84493715;1,1800518;0,24958678;1;1;131;"tags=5%, list=0%, signal=5%"
"MEDICUS_REFERENCE_IFN_RIPK1_3_SIGNALING_PATHWAY (N01662)";"https://www.gsea-msigdb.org/gsea/msigdb/cards/KEGG_MEDICUS_REFERENCE_IFN_RIPK1_3_SIGNALING_PATHWAY.html";"Pathway Definition from KEGG: IFN -> IFNR -> JAKs -> STAT+IRF9 => (RIPK1+RIPK3)";31;0,777173;1,1795936;0,27022377;1;1;2990;"tags=13%, list=8%, signal=14%"
"MEDICUS_VARIANT_MUTATION_CAUSED_ABERRANT_DCTN1_TO_RETROGRADE_AXONAL_TRANSPORT (N01158)";"https://www.gsea-msigdb.org/gsea/msigdb/cards/KEGG_MEDICUS_VARIANT_MUTATION_CAUSED_ABERRANT_DCTN1_TO_RETROGRADE_AXONAL_TRANSPORT.html";"Pathway Definition from KEGG: DCTN1* // (TUBA+TUBB)";18;0,84235245;1,177452;0,25;1;1;1263;"tags=22%, list=3%, signal=23%"
"VIRAL_MYOCARDITIS (hsa05416)";"https://www.gsea-msigdb.org/gsea/msigdb/cards/KEGG_VIRAL_MYOCARDITIS.html";"Viral myocarditis";68;0,7206714;1,1770475;0,21829855;1;1;2767;"tags=24%, list=8%, signal=25%"
"MEDICUS_VARIANT_MUTATION_INACTIVATED_VCP_TO_26S_PROTEASOME_MEDIATED_PROTEIN_DEGRADATION (N01145)";"https://www.gsea-msigdb.org/gsea/msigdb/cards/KEGG_MEDICUS_VARIANT_MUTATION_INACTIVATED_VCP_TO_26S_PROTEASOME_MEDIATED_PROTEIN_DEGRADATION.html";"Pathway Definition from KEGG: VCP* -| (Protein+UB) -- 26S -> Peptide";40;0,7611552;1,176067;0,24632953;1;1;6238;"tags=43%, list=17%, signal=51%"
"TIGHT_JUNCTION (hsa04530)";"https://www.gsea-msigdb.org/gsea/msigdb/cards/KEGG_TIGHT_JUNCTION.html";"Tight junction";132;0,6616227;1,1748279;0,20278637;1;1;3057;"tags=20%, list=8%, signal=22%"
"MEDICUS_REFERENCE_EGF_EGFR_PLCG_CAMK_SIGNALING_PATHWAY (N00026)";"https://www.gsea-msigdb.org/gsea/msigdb/cards/KEGG_MEDICUS_REFERENCE_EGF_EGFR_PLCG_CAMK_SIGNALING_PATHWAY.html";"Pathway Definition from KEGG: EGF -> EGFR -> PLCG -> IP3 -> Ca2+ -> CALM == CAMK";15;0,86682767;1,1747948;0,26306307;1;1;754;"tags=13%, list=2%, signal=14%"
"MEDICUS_REFERENCE_ARL8_REGULATED_MICROTUBULE_PLUS_END_DIRECTED_TRANSPORT (N01297)";"https://www.gsea-msigdb.org/gsea/msigdb/cards/KEGG_MEDICUS_REFERENCE_ARL8_REGULATED_MICROTUBULE_PLUS_END_DIRECTED_TRANSPORT.html";"Pathway Definition from KEGG: BORCS == ARL8 == PLEKHM2 == (KIF5+KLC) == (TUBA+TUBB)";35;0,7790501;1,1737624;0,27150086;1;1;1263;"tags=14%, list=3%, signal=15%"
"MEDICUS_REFERENCE_KINETOCHORE_MICROTUBULE_ATTACHMENT (N01535)";"https://www.gsea-msigdb.org/gsea/msigdb/cards/KEGG_MEDICUS_REFERENCE_KINETOCHORE_MICROTUBULE_ATTACHMENT.html";"Pathway Definition from KEGG: (CENPF,BUBR1) == CENPE == microtubule";20;0,839138;1,1692791;0,25082508;1;1;1263;"tags=20%, list=3%, signal=21%"
"MEDICUS_VARIANT_IGH_MMSET_FUSION_TO_TRANSCRIPTIONAL_ACTIVATION (N00125)";"https://www.gsea-msigdb.org/gsea/msigdb/cards/KEGG_MEDICUS_VARIANT_IGH_MMSET_FUSION_TO_TRANSCRIPTIONAL_ACTIVATION.html";"Pathway Definition from KEGG: IGH-MMSET -> H3 => CCND2";19;0,83455944;1,1673048;0,3026087;1;1;101;"tags=5%, list=0%, signal=5%"
"MEDICUS_VARIANT_MUTATION_CAUSED_ABERRANT_HTT_TO_26S_PROTEASOME_MEDIATED_PROTEIN_DEGRADATION (N01061)";"https://www.gsea-msigdb.org/gsea/msigdb/cards/KEGG_MEDICUS_VARIANT_MUTATION_CAUSED_ABERRANT_HTT_TO_26S_PROTEASOME_MEDIATED_PROTEIN_DEGRADATION.html";"Pathway Definition from KEGG: HTT* -| 26S";36;0,7826601;1,1669899;0,25816995;1;1;6231;"tags=42%, list=17%, signal=50%"
"MEDICUS_REFERENCE_26S_PROTEASOME_MEDIATED_PROTEIN_DEGRADATION (N01029)";"https://www.gsea-msigdb.org/gsea/msigdb/cards/KEGG_MEDICUS_REFERENCE_26S_PROTEASOME_MEDIATED_PROTEIN_DEGRADATION.html";"Pathway Definition from KEGG: (Protein+UB) -- 26S -> Peptide";39;0,7608961;1,1660855;0,28525642;1;1;6231;"tags=41%, list=17%, signal=49%"
"MEDICUS_REFERENCE_BMP_SIGNALING_PATHWAY_BMP_ANTAGONIST (N01428)";"https://www.gsea-msigdb.org/gsea/msigdb/cards/KEGG_MEDICUS_REFERENCE_BMP_SIGNALING_PATHWAY_BMP_ANTAGONIST.html";"Pathway Definition from KEGG: (NOG,GREM,CHRD,NBL1) -| BMP";15;0,8567416;1,1660665;0,29553902;1;1;312;"tags=27%, list=1%, signal=27%"
"GLYCOSAMINOGLYCAN_BIOSYNTHESIS_KERATAN_SULFATE (hsa00533)";"https://www.gsea-msigdb.org/gsea/msigdb/cards/KEGG_GLYCOSAMINOGLYCAN_BIOSYNTHESIS_KERATAN_SULFATE.html";"Glycosaminoglycan biosynthesis - keratan sulfate";15;0,850653;1,1659704;0,27272728;1;1;1238;"tags=33%, list=3%, signal=34%"
"ECM_RECEPTOR_INTERACTION (hsa04512)";"https://www.gsea-msigdb.org/gsea/msigdb/cards/KEGG_ECM_RECEPTOR_INTERACTION.html";"ECM-receptor interaction";84;0,6926098;1,1648512;0,21671827;1;1;1782;"tags=26%, list=5%, signal=27%"
"ERBB_SIGNALING_PATHWAY (hsa04012)";"https://www.gsea-msigdb.org/gsea/msigdb/cards/KEGG_ERBB_SIGNALING_PATHWAY.html";"ErbB signaling pathway";87;0,6826381;1,1620378;0,2232416;1;1;2557;"tags=14%, list=7%, signal=15%"
"PRIMARY_IMMUNODEFICIENCY (hsa05340)";"https://www.gsea-msigdb.org/gsea/msigdb/cards/KEGG_PRIMARY_IMMUNODEFICIENCY.html";"Primary immunodeficiency";35;0,78671455;1,1607423;0,2703583;1;1;2281;"tags=14%, list=6%, signal=15%"
"MEDICUS_REFERENCE_ANTEROGRADE_AXONAL_TRANSPORT (N00978)";"https://www.gsea-msigdb.org/gsea/msigdb/cards/KEGG_MEDICUS_REFERENCE_ANTEROGRADE_AXONAL_TRANSPORT.html";"Pathway Definition from KEGG: (KIF5+KLC) == (TUBA+TUBB)";24;0,7986571;1,1602637;0,32546374;1;1;1263;"tags=21%, list=3%, signal=22%"
"MEDICUS_VARIANT_MUTATION_INACTIVATED_UBQLN2_TO_26S_PROTEASOME_MEDIATED_PROTEIN_DEGRADATION (N01146)";"https://www.gsea-msigdb.org/gsea/msigdb/cards/KEGG_MEDICUS_VARIANT_MUTATION_INACTIVATED_UBQLN2_TO_26S_PROTEASOME_MEDIATED_PROTEIN_DEGRADATION.html";"Pathway Definition from KEGG: UBQLN2* -| (Protein+UB) -- 26S -> Peptide";40;0,75949365;1,1602359;0,2768;1;1;6231;"tags=40%, list=17%, signal=48%"
"MEDICUS_VARIANT_MUTATION_CAUSED_ABERRANT_SOD1_TO_26S_PROTEASOME_MEDIATED_PROTEIN_DEGRADATION (N01144)";"https://www.gsea-msigdb.org/gsea/msigdb/cards/KEGG_MEDICUS_VARIANT_MUTATION_CAUSED_ABERRANT_SOD1_TO_26S_PROTEASOME_MEDIATED_PROTEIN_DEGRADATION.html";"Pathway Definition from KEGG: SOD1* -| DERL1 -> (Protein+UB) -- 26S -> Peptide";41;0,75798213;1,1596284;0,2822086;1;1;6231;"tags=41%, list=17%, signal=50%"
"MEDICUS_REFERENCE_IL1_IL1R_JNK_SIGNALING_PATHWAY (N00188)";"https://www.gsea-msigdb.org/gsea/msigdb/cards/KEGG_MEDICUS_REFERENCE_IL1_IL1R_JNK_SIGNALING_PATHWAY.html";"Pathway Definition from KEGG: IL1 -> IL1R -> MYD88 -> IRAK1/4 -> TRAF6 -> TAB1/2/3 -> TAK1 -> MKK4/7 -> JNK -> AP1";19;0,81829387;1,1587948;0,29195803;1;1;999;"tags=16%, list=3%, signal=16%"
"MEDICUS_REFERENCE_TLR1_2_4_NFKB_SIGNALING_PATHWAY (N00435)";"https://www.gsea-msigdb.org/gsea/msigdb/cards/KEGG_MEDICUS_REFERENCE_TLR1_2_4_NFKB_SIGNALING_PATHWAY.html";"Pathway Definition from KEGG: (TLR1,TLR2,TLR4) -> (TIRAP+MYD88) -> (IRAK4+IRAK1) -> (TRAF6+TAK1+TAB2) -> IKK -> NFKBIA -> NFKB => (TNF,IL6,IL12A,IL12B)";20;0,815443;1,1581382;0,3091537;1;1;1132;"tags=10%, list=3%, signal=10%"
"MEDICUS_PATHOGEN_ESCHERICHIA_ESPG_TO_MICROTUBULE_RHOA_SIGNALING_PATHWAY (N01286)";"https://www.gsea-msigdb.org/gsea/msigdb/cards/KEGG_MEDICUS_PATHOGEN_ESCHERICHIA_ESPG_TO_MICROTUBULE_RHOA_SIGNALING_PATHWAY.html";"Pathway Definition from KEGG: (EspG,EspG2) -| (TUBA+TUBB)";17;0,8425185;1,1580405;0,33450088;1;1;1263;"tags=24%, list=3%, signal=24%"
"MEDICUS_PATHOGEN_HIV_TAT_TO_TLR2_4_NFKB_SIGNALING_PATHWAY (N00436)";"https://www.gsea-msigdb.org/gsea/msigdb/cards/KEGG_MEDICUS_PATHOGEN_HIV_TAT_TO_TLR2_4_NFKB_SIGNALING_PATHWAY.html";"Pathway Definition from KEGG: Tat -> NFKB => (TNF,IFNA,IFNB1)";17;0,84937817;1,1573714;0,29209623;1;1;5469;"tags=6%, list=15%, signal=7%"
"MEDICUS_REFERENCE_PRNP_PI3K_NOX2_SIGNALING_PATHWAY (N01204)";"https://www.gsea-msigdb.org/gsea/msigdb/cards/KEGG_MEDICUS_REFERENCE_PRNP_PI3K_NOX2_SIGNALING_PATHWAY.html";"Pathway Definition from KEGG: PRNP -> CAV -> FYN -> PI3K -> PRKCD -> NOX2 -> ERK -> CREB => EGR1";29;0,79384047;1,1560705;0,2779661;1;1;1164;"tags=21%, list=3%, signal=21%"
"MEDICUS_PATHOGEN_SALMONELLA_SIFA_TO_MICROTUBULE_PLUS_END_DIRECTED_TRANSPORT (N01298)";"https://www.gsea-msigdb.org/gsea/msigdb/cards/KEGG_MEDICUS_PATHOGEN_SALMONELLA_SIFA_TO_MICROTUBULE_PLUS_END_DIRECTED_TRANSPORT.html";"Pathway Definition from KEGG: SifA -> PLEKHM2 == (KIF5+KLC) == (TUBA+TUBB)";25;0,7985567;1,1531296;0,29584774;1;1;1263;"tags=20%, list=3%, signal=21%"
"MEDICUS_VARIANT_MUTATION_CAUSED_ABERRANT_SNCA_TO_ANTEROGRADE_AXONAL_TRANSPORT (N01055)";"https://www.gsea-msigdb.org/gsea/msigdb/cards/KEGG_MEDICUS_VARIANT_MUTATION_CAUSED_ABERRANT_SNCA_TO_ANTEROGRADE_AXONAL_TRANSPORT.html";"Pathway Definition from KEGG: SNCA* -| (KIF5+KLC) // (TUBA+TUBB)";25;0,7981649;1,1521677;0,2928;1;1;1263;"tags=20%, list=3%, signal=21%"
"HEMATOPOIETIC_CELL_LINEAGE (hsa04640)";"https://www.gsea-msigdb.org/gsea/msigdb/cards/KEGG_HEMATOPOIETIC_CELL_LINEAGE.html";"Hematopoietic cell lineage";85;0,6763057;1,1513612;0,2607362;1;1;2031;"tags=24%, list=6%, signal=25%"
"NATURAL_KILLER_CELL_MEDIATED_CYTOTOXICITY (hsa04650)";"https://www.gsea-msigdb.org/gsea/msigdb/cards/KEGG_NATURAL_KILLER_CELL_MEDIATED_CYTOTOXICITY.html";"Natural killer cell mediated cytotoxicity";132;0,6387375;1,1511915;0,24012157;1;1;2441;"tags=14%, list=7%, signal=15%"
"MEDICUS_VARIANT_MUTATION_CAUSED_ABERRANT_ABETA_TO_ANTEROGRADE_AXONAL_TRANSPORT (N01018)";"https://www.gsea-msigdb.org/gsea/msigdb/cards/KEGG_MEDICUS_VARIANT_MUTATION_CAUSED_ABERRANT_ABETA_TO_ANTEROGRADE_AXONAL_TRANSPORT.html";"Pathway Definition from KEGG: APP* -> Abeta -> CHRNA7 -> Ca2+ -> CAPN -> CDK5R1 == CDK5 -> MAPT -| (TUBA+TUBB)";24;0,7967803;1,1494815;0,31045753;0,99904567;1;1263;"tags=17%, list=3%, signal=17%"
"MEDICUS_REFERENCE_TLR5_NFKB_SIGNALING_PATHWAY (N01566)";"https://www.gsea-msigdb.org/gsea/msigdb/cards/KEGG_MEDICUS_REFERENCE_TLR5_NFKB_SIGNALING_PATHWAY.html";"Pathway Definition from KEGG: TLR5 -> (MYD88) -> (IRAK4+IRAK1) -> (TRAF6+TAK1+TAB2) -> IKK -> NFKBIA -> NFKB => (TNF,IL6,IL12A,IL12B)";17;0,83638906;1,1451505;0,32021466;1;1;1132;"tags=6%, list=3%, signal=6%"
"PATHWAYS_IN_CANCER (hsa05200)";"https://www.gsea-msigdb.org/gsea/msigdb/cards/KEGG_PATHWAYS_IN_CANCER.html";"Pathways in cancer";325;0,5825803;1,1448206;0,17795485;1;1;2951;"tags=22%, list=8%, signal=24%"
"APOPTOSIS (hsa04210)";"https://www.gsea-msigdb.org/gsea/msigdb/cards/KEGG_APOPTOSIS.html";"Apoptosis";87;0,668167;1,139964;0,27424243;1;1;3491;"tags=24%, list=10%, signal=27%"
"EPITHELIAL_CELL_SIGNALING_IN_HELICOBACTER_PYLORI_INFECTION (hsa05120)";"https://www.gsea-msigdb.org/gsea/msigdb/cards/KEGG_EPITHELIAL_CELL_SIGNALING_IN_HELICOBACTER_PYLORI_INFECTION.html";"Epithelial cell signaling in Helicobacter pylori infection";68;0,69293445;1,1381984;0,2694704;1;1;1260;"tags=9%, list=3%, signal=9%"
"RIG_I_LIKE_RECEPTOR_SIGNALING_PATHWAY (hsa04622)";"https://www.gsea-msigdb.org/gsea/msigdb/cards/KEGG_RIG_I_LIKE_RECEPTOR_SIGNALING_PATHWAY.html";"RIG-I-like receptor signaling pathway";71;0,6867104;1,1344136;0,30176565;1;1;1953;"tags=8%, list=5%, signal=9%"
"SNARE_INTERACTIONS_IN_VESICULAR_TRANSPORT (hsa04130)";"https://www.gsea-msigdb.org/gsea/msigdb/cards/KEGG_SNARE_INTERACTIONS_IN_VESICULAR_TRANSPORT.html";"SNARE interactions in vesicular transport";38;0,7420814;1,1325462;0,31111112;1;1;2002;"tags=5%, list=5%, signal=6%"
"NUCLEOTIDE_EXCISION_REPAIR (hsa03420)";"https://www.gsea-msigdb.org/gsea/msigdb/cards/KEGG_NUCLEOTIDE_EXCISION_REPAIR.html";"Nucleotide excision repair";44;0,7250655;1,1323582;0,29787233;1;1;6947;"tags=36%, list=19%, signal=45%"
"MEDICUS_ENV_FACTOR_IRON_TO_ANTEROGRADE_AXONAL_TRANSPORT (N01414)";"https://www.gsea-msigdb.org/gsea/msigdb/cards/KEGG_MEDICUS_ENV_FACTOR_IRON_TO_ANTEROGRADE_AXONAL_TRANSPORT.html";"Pathway Definition from KEGG: Fe2+ -> CDK5 -> MAPT -| (TUBA+TUBB)";19;0,8063438;1,1316272;0,3532513;1;1;1263;"tags=21%, list=3%, signal=22%"
"PANTOTHENATE_AND_COA_BIOSYNTHESIS (hsa00770)";"https://www.gsea-msigdb.org/gsea/msigdb/cards/KEGG_PANTOTHENATE_AND_COA_BIOSYNTHESIS.html";"Pantothenate and CoA biosynthesis";16;0,8311032;1,1305271;0,37018424;0,99594885;1;141;"tags=6%, list=0%, signal=6%"
"MEDICUS_REFERENCE_WNT_SIGNALING_MODULATION_WNT_INHIBITOR (N01442)";"https://www.gsea-msigdb.org/gsea/msigdb/cards/KEGG_MEDICUS_REFERENCE_WNT_SIGNALING_MODULATION_WNT_INHIBITOR.html";"Pathway Definition from KEGG: (SFRP,WIF1,CER1,NOTUM,TRABD2) -| WNT";28;0,758932;1,1249423;0,33279744;1;1;1824;"tags=32%, list=5%, signal=34%"
"AUTOIMMUNE_THYROID_DISEASE (hsa05320)";"https://www.gsea-msigdb.org/gsea/msigdb/cards/KEGG_AUTOIMMUNE_THYROID_DISEASE.html";"Autoimmune thyroid disease";50;0,70555633;1,1243443;0,31691298;1;1;4140;"tags=28%, list=11%, signal=32%"
"MEDICUS_REFERENCE_BCR_PLCG_CALCINEURIN_SIGNALING_PATHWAY (N00487)";"https://www.gsea-msigdb.org/gsea/msigdb/cards/KEGG_MEDICUS_REFERENCE_BCR_PLCG_CALCINEURIN_SIGNALING_PATHWAY.html";"Pathway Definition from KEGG: IGH -> (LYN,SYK) -> (BTK,BLNK) -> PLCG2 -> IP3 -> Ca2+ -> CALM == CN -> NFAT";17;0,8158866;1,1234977;0,3533569;0,99756336;1;754;"tags=18%, list=2%, signal=18%"
"BLADDER_CANCER (hsa05219)";"https://www.gsea-msigdb.org/gsea/msigdb/cards/KEGG_BLADDER_CANCER.html";"Bladder cancer";42;0,7339206;1,1210536;0,33443162;0,9987997;1;821;"tags=12%, list=2%, signal=12%"
"VEGF_SIGNALING_PATHWAY (hsa04370)";"https://www.gsea-msigdb.org/gsea/msigdb/cards/KEGG_VEGF_SIGNALING_PATHWAY.html";"VEGF signaling pathway";76;0,6723745;1,1156088;0,3116279;1;1;2965;"tags=18%, list=8%, signal=20%"
"MEDICUS_REFERENCE_HORMONE_LIKE_CYTOKINE_TO_JAK_STAT_SIGNALING_PATHWAY (N01555)";"https://www.gsea-msigdb.org/gsea/msigdb/cards/KEGG_MEDICUS_REFERENCE_HORMONE_LIKE_CYTOKINE_TO_JAK_STAT_SIGNALING_PATHWAY.html";"Pathway Definition from KEGG: (EPO,GH,PRL,THPO,CSF3,LEP) -> (EPOR,GHR,PRLR,MPL,CSF3R,LEPR) -> JAK2 -> (STAT5A,STAT5B,STAT3)";17;0,8006087;1,1144862;0,3899821;1;1;3926;"tags=41%, list=11%, signal=46%"
"MEDICUS_REFERENCE_IL1_IL1R_P38_SIGNALING_PATHWAY (N00186)";"https://www.gsea-msigdb.org/gsea/msigdb/cards/KEGG_MEDICUS_REFERENCE_IL1_IL1R_P38_SIGNALING_PATHWAY.html";"Pathway Definition from KEGG: IL1 -> IL1R -> MYD88 -> IRAK1/4 -> TRAF6 -> TAB1/2/3 -> TAK1 -> MKK3/6 -> MAPK14 -> MK2 -| TTP";17;0,80493116;1,113018;0,38515902;1;1;1987;"tags=24%, list=5%, signal=25%"
"TASTE_TRANSDUCTION (hsa04742)";"https://www.gsea-msigdb.org/gsea/msigdb/cards/KEGG_TASTE_TRANSDUCTION.html";"Taste transduction";51;0,7041337;1,1119381;0,31658292;0,99965745;1;3584;"tags=18%, list=10%, signal=20%"
"GLYCOSAMINOGLYCAN_BIOSYNTHESIS_CHONDROITIN_SULFATE (hsa00532)";"https://www.gsea-msigdb.org/gsea/msigdb/cards/KEGG_GLYCOSAMINOGLYCAN_BIOSYNTHESIS_CHONDROITIN_SULFATE.html";"Glycosaminoglycan biosynthesis - chondroitin sulfate";22;0,77886;1,108689;0,3902439;1;1;809;"tags=9%, list=2%, signal=9%"
"MEDICUS_REFERENCE_GF_RTK_RAS_PI3K_SIGNALING_PATHWAY (N01658)";"https://www.gsea-msigdb.org/gsea/msigdb/cards/KEGG_MEDICUS_REFERENCE_GF_RTK_RAS_PI3K_SIGNALING_PATHWAY.html";"Pathway Definition from KEGG: GF -> RTK -> GRB2 -> SOS -> RAS -> PI3K -> PIP3 -> AKT";89;0,6473905;1,0974275;0,33536586;1;1;2548;"tags=30%, list=7%, signal=33%"
"MEDICUS_REFERENCE_TYPE_II_INTERFERON_TO_JAK_STAT_SIGNALING_PATHWAY (N01559)";"https://www.gsea-msigdb.org/gsea/msigdb/cards/KEGG_MEDICUS_REFERENCE_TYPE_II_INTERFERON_TO_JAK_STAT_SIGNALING_PATHWAY.html";"Pathway Definition from KEGG: IFNG -> (IFNGR1,IFNGR2) -> (JAK1+JAK2) -> (STAT1,STAT3) => (IL27,IFNA,IFNG)";21;0,78156066;1,0940632;0,37416106;1;1;5493;"tags=14%, list=15%, signal=17%"
"MEDICUS_REFERENCE_TNF_NFKB_SIGNALING_PATHWAY (N00151)";"https://www.gsea-msigdb.org/gsea/msigdb/cards/KEGG_MEDICUS_REFERENCE_TNF_NFKB_SIGNALING_PATHWAY.html";"Pathway Definition from KEGG: TNF -> TNFRSF1A -> (RIPK1+TRADD+TRAF2/5) -> (TAB1/2/3+TAK1) -> IKK -> NFKBIA -> NFKB";16;0,80683786;1,0916915;0,41344538;1;1;1050;"tags=6%, list=3%, signal=6%"
"MEDICUS_REFERENCE_PRE_IC_FORMATION (N01470)";"https://www.gsea-msigdb.org/gsea/msigdb/cards/KEGG_MEDICUS_REFERENCE_PRE_IC_FORMATION.html";"Pathway Definition from KEGG: TOPBP1+RECQL4 == POLE == GINS -> ORC+CDC6+CDT1 == CDC45+MCM+GINS == POLE+TOPBP1+TICRR+MTBP+RECQL4";27;0,74174076;1,0895399;0,3962264;1;1;5767;"tags=37%, list=16%, signal=44%"
"ASTHMA (hsa05310)";"https://www.gsea-msigdb.org/gsea/msigdb/cards/KEGG_ASTHMA.html";"Asthma";28;0,7431484;1,0869116;0,39800996;1;1;2639;"tags=11%, list=7%, signal=12%"
"MEDICUS_REFERENCE_BMP_SIGNALING_PATHWAY (N01453)";"https://www.gsea-msigdb.org/gsea/msigdb/cards/KEGG_MEDICUS_REFERENCE_BMP_SIGNALING_PATHWAY.html";"Pathway Definition from KEGG: BMP -> ((ACVR2A,ACVR2B,BMPR2)+(BMPR1A,BMPR1B,ACVR1)) -> (SMAD1,SMAD5,SMAD9) == SMAD4";20;0,77434736;1,0850785;0,4189189;1;1;312;"tags=15%, list=1%, signal=15%"
"MEDICUS_PATHOGEN_HIV_GP120_TO_TNF_NFKB_SIGNALING_PATHWAY (N00441)";"https://www.gsea-msigdb.org/gsea/msigdb/cards/KEGG_MEDICUS_PATHOGEN_HIV_GP120_TO_TNF_NFKB_SIGNALING_PATHWAY.html";"Pathway Definition from KEGG: Env -> TNFRSF1A -> (RIPK1+TRADD+TRAF2/5) -> (TAB1/2/3+TAK1) -> IKK -> NFKBIA -> NFKB";15;0,80683863;1,0843244;0,44383058;1;1;1050;"tags=7%, list=3%, signal=7%"
"REGULATION_OF_ACTIN_CYTOSKELETON (hsa04810)";"https://www.gsea-msigdb.org/gsea/msigdb/cards/KEGG_REGULATION_OF_ACTIN_CYTOSKELETON.html";"Regulation of actin cytoskeleton";212;0,57851815;1,0841782;0,29208633;1;1;3014;"tags=20%, list=8%, signal=22%"
"MEDICUS_REFERENCE_GF_RTK_PI3K_SIGNALING_PATHWAY (N01656)";"https://www.gsea-msigdb.org/gsea/msigdb/cards/KEGG_MEDICUS_REFERENCE_GF_RTK_PI3K_SIGNALING_PATHWAY.html";"Pathway Definition from KEGG: GF -> RTK -> PI3K -> PIP3 -> AKT";83;0,6478923;1,0838372;0,3485294;1;1;2548;"tags=33%, list=7%, signal=35%"
"MEDICUS_VARIANT_MUTATION_CAUSED_ABERRANT_HTT_TO_ANTEROGRADE_AXONAL_TRANSPORT (N00979)";"https://www.gsea-msigdb.org/gsea/msigdb/cards/KEGG_MEDICUS_VARIANT_MUTATION_CAUSED_ABERRANT_HTT_TO_ANTEROGRADE_AXONAL_TRANSPORT.html";"Pathway Definition from KEGG: HTT* -> JNK3 -| (KIF5+KLC) == (TUBA+TUBB)";26;0,7465966;1,0827574;0,41256368;1;1;1263;"tags=19%, list=3%, signal=20%"
"MEDICUS_REFERENCE_CROSSTALK_BETWEEN_EXTRINSIC_AND_INTRINSIC_APOPTOTIC_PATHWAYS (N00146)";"https://www.gsea-msigdb.org/gsea/msigdb/cards/KEGG_MEDICUS_REFERENCE_CROSSTALK_BETWEEN_EXTRINSIC_AND_INTRINSIC_APOPTOTIC_PATHWAYS.html";"Pathway Definition from KEGG: (FASLG,TNFSF10) -> (FAS,TNFRSF10B) -> FADD -> (CASP8,CASP10) -> BID -> (BAX,BAK1) -> CYCS == APAF1 -> CASP9 -> (CASP3,CASP7)";15;0,78563976;1,0815343;0,43979058;1;1;2789;"tags=20%, list=8%, signal=22%"
"JAK_STAT_SIGNALING_PATHWAY (hsa04630)";"https://www.gsea-msigdb.org/gsea/msigdb/cards/KEGG_JAK_STAT_SIGNALING_PATHWAY.html";"Jak-STAT signaling pathway";155;0,59138787;1,078477;0,32034633;1;1;2557;"tags=14%, list=7%, signal=15%"
"GLYCEROLIPID_METABOLISM (hsa00561)";"https://www.gsea-msigdb.org/gsea/msigdb/cards/KEGG_GLYCEROLIPID_METABOLISM.html";"Glycerolipid metabolism";49;0,68153954;1,0735612;0,39456868;1;1;1931;"tags=18%, list=5%, signal=19%"
"LYSINE_DEGRADATION (hsa00310)";"https://www.gsea-msigdb.org/gsea/msigdb/cards/KEGG_LYSINE_DEGRADATION.html";"Lysine degradation";44;0,67999995;1,0671619;0,40429044;1;1;178;"tags=2%, list=0%, signal=2%"
"MEDICUS_REFERENCE_RIG_I_NFKB_SIGNALING_PATHWAY (N00688)";"https://www.gsea-msigdb.org/gsea/msigdb/cards/KEGG_MEDICUS_REFERENCE_RIG_I_NFKB_SIGNALING_PATHWAY.html";"Pathway Definition from KEGG: RNA -> RIGI -> MAVS -> IKK -> NFKBIA -> NFKB => (IFNA,IFNB1)";22;0,7461502;1,0636346;0,42657343;1;1;8147;"tags=18%, list=22%, signal=23%"
"MEDICUS_REFERENCE_GLOBAL_GENOME_NER (N01425)";"https://www.gsea-msigdb.org/gsea/msigdb/cards/KEGG_MEDICUS_REFERENCE_GLOBAL_GENOME_NER.html";"Pathway Definition from KEGG: (CRL4+DDB2) == (XPC+RAD23A,RAD23B+CETN2) -> (XPC+CETN2) == (ERCC3+ERCC2) == (GTF2H) == (CAK)";18;0,7731428;1,0629928;0,45907474;1;1;6569;"tags=44%, list=18%, signal=54%"
"WNT_SIGNALING_PATHWAY (hsa04310)";"https://www.gsea-msigdb.org/gsea/msigdb/cards/KEGG_WNT_SIGNALING_PATHWAY.html";"Wnt signaling pathway";150;0,588848;1,0613538;0,3662375;1;1;1824;"tags=11%, list=5%, signal=12%"
"MEDICUS_REFERENCE_DRD1_GNAS_AC_PKA_SIGNALING_PATHWAY (N00410)";"https://www.gsea-msigdb.org/gsea/msigdb/cards/KEGG_MEDICUS_REFERENCE_DRD1_GNAS_AC_PKA_SIGNALING_PATHWAY.html";"Pathway Definition from KEGG: DA -> DRD1 -> GNAS -> ADCY5 -> cAMP -> PKA -> CREB";16;0,78132457;1,0577575;0,4948276;1;1;2674;"tags=25%, list=7%, signal=27%"
"MEDICUS_REFERENCE_ORGANIZATION_OF_THE_INNER_KINETOCHORE (N01525)";"https://www.gsea-msigdb.org/gsea/msigdb/cards/KEGG_MEDICUS_REFERENCE_ORGANIZATION_OF_THE_INNER_KINETOCHORE.html";"Pathway Definition from KEGG: CENPA == CENPC == CENP-LN+CENP-HIKM+CENP-OPQUR == CENP-TWSX";17;0,7607462;1,0558662;0,47771835;1;1;6567;"tags=47%, list=18%, signal=57%"
"P53_SIGNALING_PATHWAY (hsa04115)";"https://www.gsea-msigdb.org/gsea/msigdb/cards/KEGG_P53_SIGNALING_PATHWAY.html";"p53 signaling pathway";68;0,63735324;1,05515;0,39810428;1;1;2737;"tags=24%, list=8%, signal=25%"
"MEDICUS_VARIANT_MLL_AF4_FUSION_TO_TRANSCRIPTIONAL_ACTIVATION (N00119)";"https://www.gsea-msigdb.org/gsea/msigdb/cards/KEGG_MEDICUS_VARIANT_MLL_AF4_FUSION_TO_TRANSCRIPTIONAL_ACTIVATION.html";"Pathway Definition from KEGG: MLL-AF4 == ((CDK9,CCNT)+(MLLT1,MLLT3)+DOT1L) => (LMO2,PBX3,RUNX2,SMAD1,KLF3,MEF2C,HOXA9,HOXA10,JMJD1C,HMGA2,KDM6A,SUPT3H,PROM1,FLT3,BMP2K,IGF1R,CDKN1B,CDK14)";26;0,7251995;1,0550821;0,4431438;1;1;292;"tags=8%, list=1%, signal=8%"
"CELL_ADHESION_MOLECULES_CAMS (hsa04514)";"https://www.gsea-msigdb.org/gsea/msigdb/cards/KEGG_CELL_ADHESION_MOLECULES_CAMS.html";"Cell adhesion molecules (CAMs)";131;0,5894636;1,0474577;0,3827893;1;1;2767;"tags=24%, list=8%, signal=26%"
"PANCREATIC_CANCER (hsa05212)";"https://www.gsea-msigdb.org/gsea/msigdb/cards/KEGG_PANCREATIC_CANCER.html";"Pancreatic cancer";70;0,6382675;1,0445126;0,44532487;1;1;2424;"tags=16%, list=7%, signal=17%"
"NICOTINATE_AND_NICOTINAMIDE_METABOLISM (hsa00760)";"https://www.gsea-msigdb.org/gsea/msigdb/cards/KEGG_NICOTINATE_AND_NICOTINAMIDE_METABOLISM.html";"Nicotinate and nicotinamide metabolism";24;0,7274401;1,0389898;0,4799302;1;1;419;"tags=13%, list=1%, signal=13%"
"MEDICUS_REFERENCE_HOMOLOGOUS_RECOMBINATION (N01452)";"https://www.gsea-msigdb.org/gsea/msigdb/cards/KEGG_MEDICUS_REFERENCE_HOMOLOGOUS_RECOMBINATION.html";"Pathway Definition from KEGG: RPA == BRCA1+BARD1 == BRCA2+PALB2+DSS1 == RAD51 == BCDX2,CX3 -> RAD54 -> PCNA+RFC == POLD,POLE,POLK,POLH";33;0,7100069;1,0383879;0,48932678;1;1;7136;"tags=39%, list=20%, signal=49%"
"MEDICUS_REFERENCE_TRANSCRIPTION_COUPLED_NER (N01430)";"https://www.gsea-msigdb.org/gsea/msigdb/cards/KEGG_MEDICUS_REFERENCE_TRANSCRIPTION_COUPLED_NER.html";"Pathway Definition from KEGG: (POLR2+UVSSA) == (ERCC6+ERCC8+CRL4) -> (POLR2+UVSSA+ERCC6+ERCC8+CRL4) == (ERCC3+ERCC2) == (GTF2H) == (CAK)";31;0,6947016;1,0376881;0,4703833;1;1;6569;"tags=32%, list=18%, signal=39%"
"ANTIGEN_PROCESSING_AND_PRESENTATION (hsa04612)";"https://www.gsea-msigdb.org/gsea/msigdb/cards/KEGG_ANTIGEN_PROCESSING_AND_PRESENTATION.html";"Antigen processing and presentation";81;0,61928076;1,0376137;0,43053436;1;1;4877;"tags=25%, list=13%, signal=28%"
"MEDICUS_VARIANT_MUTATION_CAUSED_ABERRANT_HTT_TO_RETROGRADE_AXONAL_TRANSPORT (N00977)";"https://www.gsea-msigdb.org/gsea/msigdb/cards/KEGG_MEDICUS_VARIANT_MUTATION_CAUSED_ABERRANT_HTT_TO_RETROGRADE_AXONAL_TRANSPORT.html";"Pathway Definition from KEGG: (HTT*+HAP1) -| (DCTN+DNAH+DNAI+DNALI1+DNAL) == (TUBA+TUBB)";45;0,66234803;1,0348971;0,45963755;1;1;3199;"tags=20%, list=9%, signal=22%"
"MEDICUS_REFERENCE_ORIGIN_UNWINDING_AND_ELONGATION (N01471)";"https://www.gsea-msigdb.org/gsea/msigdb/cards/KEGG_MEDICUS_REFERENCE_ORIGIN_UNWINDING_AND_ELONGATION.html";"Pathway Definition from KEGG: CMG+POLE+MCM10 == POLA+PRIM == RPA -> CMG+MCM10+CTF4+POLA+POLE == RFC+PCNA";30;0,70283663;1,0342449;0,4799302;1;1;8104;"tags=57%, list=22%, signal=73%"
"MEDICUS_VARIANT_SCRAPIE_CONFORMATION_PRPSC_TO_MGLUR5_CA2_APOPTOTIC_PATHWAY (N01199)";"https://www.gsea-msigdb.org/gsea/msigdb/cards/KEGG_MEDICUS_VARIANT_SCRAPIE_CONFORMATION_PRPSC_TO_MGLUR5_CA2_APOPTOTIC_PATHWAY.html";"Pathway Definition from KEGG: PRNP* -> (RYR,ITPR) -> Ca2+ -- MCU -> Ca2+(mito) -- MPTP -> CYCS == APAF1 -> CASP9 -> CASP3";19;0,73199207;1,0261586;0,4965278;1;1;3537;"tags=21%, list=10%, signal=23%"
"MEDICUS_REFERENCE_CORE_NER_REACTION (N01431)";"https://www.gsea-msigdb.org/gsea/msigdb/cards/KEGG_MEDICUS_REFERENCE_CORE_NER_REACTION.html";"Pathway Definition from KEGG: (ERCC3+ERCC2+GTF2H) == ERCC5 == XPA == RPA -> (ERCC1+ERCC4) == XPA == RPA == ERCC5 -> PCNA == POLD,POLE,POLK,POLH -> LIG1,(LIG3+XRCC1)";29;0,69864136;1,0259521;0,46928328;1;1;6582;"tags=31%, list=18%, signal=38%"
"MEDICUS_REFERENCE_VGCC_CA2_APOPTOTIC_PATHWAY (N00967)";"https://www.gsea-msigdb.org/gsea/msigdb/cards/KEGG_MEDICUS_REFERENCE_VGCC_CA2_APOPTOTIC_PATHWAY.html";"Pathway Definition from KEGG: Ca2+(extracellular) -- VGCC -> Ca2+ -- MCU -> Ca2+(mito) -- MPTP -> CYCS == APAF1 -> CASP9 -> (CASP3,CASP7)";23;0,7165758;1,0228482;0,48464164;1;1;1939;"tags=17%, list=5%, signal=18%"
"MEDICUS_REFERENCE_RETROGRADE_AXONAL_TRANSPORT (N00976)";"https://www.gsea-msigdb.org/gsea/msigdb/cards/KEGG_MEDICUS_REFERENCE_RETROGRADE_AXONAL_TRANSPORT.html";"Pathway Definition from KEGG: (DCTN+DNAH+DNAI+DNALI1+DNAL) == (TUBA+TUBB)";43;0,66707325;1,0219135;0,47254574;1;1;2423;"tags=14%, list=7%, signal=15%"
"MEDICUS_PATHOGEN_HIV_GP120_TO_CXCR4_GNAQ_PLCB_G_CALCINEURIN (N00432)";"https://www.gsea-msigdb.org/gsea/msigdb/cards/KEGG_MEDICUS_PATHOGEN_HIV_GP120_TO_CXCR4_GNAQ_PLCB_G_CALCINEURIN.html";"Pathway Definition from KEGG: Env -> (CXCR4,CCR5) -> GNAQ -> PLCG -> IP3 -> Ca2+ -> CALM == CN -> NFAT";17;0,7459437;1,0216216;0,5193929;1;1;754;"tags=18%, list=2%, signal=18%"
"GLYOXYLATE_AND_DICARBOXYLATE_METABOLISM (hsa00630)";"https://www.gsea-msigdb.org/gsea/msigdb/cards/KEGG_GLYOXYLATE_AND_DICARBOXYLATE_METABOLISM.html";"Glyoxylate and dicarboxylate metabolism";16;0,7440263;1,0176634;0,5418182;1;1;4925;"tags=31%, list=14%, signal=36%"
"MEDICUS_REFERENCE_PDGF_PDGFR_RAS_ERK_SIGNALING_PATHWAY (N00015)";"https://www.gsea-msigdb.org/gsea/msigdb/cards/KEGG_MEDICUS_REFERENCE_PDGF_PDGFR_RAS_ERK_SIGNALING_PATHWAY.html";"Pathway Definition from KEGG: PDGF -> PDGFR -> GRB2 -> SOS -> RAS -> RAF -> MEK -> ERK";17;0,72976637;1,0173371;0,54063016;1;1;891;"tags=12%, list=2%, signal=12%"
"INTESTINAL_IMMUNE_NETWORK_FOR_IGA_PRODUCTION (hsa04672)";"https://www.gsea-msigdb.org/gsea/msigdb/cards/KEGG_INTESTINAL_IMMUNE_NETWORK_FOR_IGA_PRODUCTION.html";"Intestinal immune network for IgA production";46;0,6546074;1,0158218;0,47936508;1;1;2761;"tags=24%, list=8%, signal=26%"
"MEDICUS_REFERENCE_CXCR4_GNAQ_PLCB_G_CALCINEURIN_SIGNALING_PATHWAY (N00401)";"https://www.gsea-msigdb.org/gsea/msigdb/cards/KEGG_MEDICUS_REFERENCE_CXCR4_GNAQ_PLCB_G_CALCINEURIN_SIGNALING_PATHWAY.html";"Pathway Definition from KEGG: CXCL12 -> CXCR4 -> GNAQ -> (PLCB,PLCG) -> IP3 -> Ca2+ -> CALM == CN -> NFAT";21;0,71663773;1,0136083;0,5124378;1;1;1302;"tags=19%, list=4%, signal=20%"
"MEDICUS_REFERENCE_PDGF_PDGFR_PLCG_CAMK_SIGNALING_PATHWAY (N00028)";"https://www.gsea-msigdb.org/gsea/msigdb/cards/KEGG_MEDICUS_REFERENCE_PDGF_PDGFR_PLCG_CAMK_SIGNALING_PATHWAY.html";"Pathway Definition from KEGG: PDGF -> PDGFR -> PLCG -> IP3 -> Ca2+ -> CALM == CAMK";17;0,72727346;1,0062451;0,5320946;1;1;891;"tags=18%, list=2%, signal=18%"
"MEDICUS_REFERENCE_TIGHT_JUNCTION_ACTIN_SIGNALING_PATHWAY (N01287)";"https://www.gsea-msigdb.org/gsea/msigdb/cards/KEGG_MEDICUS_REFERENCE_TIGHT_JUNCTION_ACTIN_SIGNALING_PATHWAY.html";"Pathway Definition from KEGG: (OCLN,CLDN) == TJP1 == CTTN == ARP2/3 == (ACTB,ACTG1)";37;0,6611251;1,0049317;0,49752882;1;1;4849;"tags=30%, list=13%, signal=34%"
"PROPANOATE_METABOLISM (hsa00640)";"https://www.gsea-msigdb.org/gsea/msigdb/cards/KEGG_PROPANOATE_METABOLISM.html";"Propanoate metabolism";32;0,68039644;1,000209;0,5309883;1;1;684;"tags=6%, list=2%, signal=6%"
"MEDICUS_VARIANT_AMPLIFIED_FGFR_TO_RAS_ERK_SIGNALING_PATHWAY (N00020)";"https://www.gsea-msigdb.org/gsea/msigdb/cards/KEGG_MEDICUS_VARIANT_AMPLIFIED_FGFR_TO_RAS_ERK_SIGNALING_PATHWAY.html";"Pathway Definition from KEGG: FGFR* -> GRB2 -> SOS -> RAS -> RAF -> MEK -> ERK";15;0,75186867;0,99883133;0,5839041;1;1;4702;"tags=20%, list=13%, signal=23%"
"MEDICUS_REFERENCE_ORGANIZATION_OF_THE_OUTER_KINETOCHORE (N01526)";"https://www.gsea-msigdb.org/gsea/msigdb/cards/KEGG_MEDICUS_REFERENCE_ORGANIZATION_OF_THE_OUTER_KINETOCHORE.html";"Pathway Definition from KEGG: CPC == CENPC == MIS12C+KNL1C+CENP-TWSX -> CPC+CENPC+MIS12C+KNLC == CENP-TWSX == NDC80C";19;0,7161733;0,99643064;0,54545456;1;1;6246;"tags=37%, list=17%, signal=44%"
"RETINOL_METABOLISM (hsa00830)";"https://www.gsea-msigdb.org/gsea/msigdb/cards/KEGG_RETINOL_METABOLISM.html";"Retinol metabolism";64;0,6079389;0,99404866;0,49923196;1;1;2024;"tags=9%, list=6%, signal=10%"
"GAP_JUNCTION (hsa04540)";"https://www.gsea-msigdb.org/gsea/msigdb/cards/KEGG_GAP_JUNCTION.html";"Gap junction";90;0,57794315;0,9909183;0,484326;1;1;1988;"tags=18%, list=5%, signal=19%"
"CYSTEINE_AND_METHIONINE_METABOLISM (hsa00270)";"https://www.gsea-msigdb.org/gsea/msigdb/cards/KEGG_CYSTEINE_AND_METHIONINE_METABOLISM.html";"Cysteine and methionine metabolism";34;0,65884;0,99068284;0,5208333;1;1;2042;"tags=6%, list=6%, signal=6%"
"MATURITY_ONSET_DIABETES_OF_THE_YOUNG (hsa04950)";"https://www.gsea-msigdb.org/gsea/msigdb/cards/KEGG_MATURITY_ONSET_DIABETES_OF_THE_YOUNG.html";"Maturity onset diabetes of the young";25;0,67815536;0,99013525;0,5260586;1;1;1878;"tags=24%, list=5%, signal=25%"
"MELANOMA (hsa05218)";"https://www.gsea-msigdb.org/gsea/msigdb/cards/KEGG_MELANOMA.html";"Melanoma";71;0,6027815;0,98924863;0,503096;1;1;3014;"tags=25%, list=8%, signal=28%"
"CHRONIC_MYELOID_LEUKEMIA (hsa05220)";"https://www.gsea-msigdb.org/gsea/msigdb/cards/KEGG_CHRONIC_MYELOID_LEUKEMIA.html";"Chronic myeloid leukemia";73;0,5908309;0,9847869;0,5068702;1;1;2557;"tags=10%, list=7%, signal=10%"
"LEUKOCYTE_TRANSENDOTHELIAL_MIGRATION (hsa04670)";"https://www.gsea-msigdb.org/gsea/msigdb/cards/KEGG_LEUKOCYTE_TRANSENDOTHELIAL_MIGRATION.html";"Leukocyte transendothelial migration";116;0,5522305;0,9746208;0,519084;1;1;2637;"tags=20%, list=7%, signal=21%"
"MEDICUS_REFERENCE_EP_NE_ADRB_CAMP_SIGNALING_PATHWAY (N01345)";"https://www.gsea-msigdb.org/gsea/msigdb/cards/KEGG_MEDICUS_REFERENCE_EP_NE_ADRB_CAMP_SIGNALING_PATHWAY.html";"Pathway Definition from KEGG: (EP,NE) -> ADRB2 -> GNAS -> ADCY -> cAMP -> PKA -> PLN";15;0,6997279;0,9694598;0,5786802;1;1;3228;"tags=27%, list=9%, signal=29%"
"AXON_GUIDANCE (hsa04360)";"https://www.gsea-msigdb.org/gsea/msigdb/cards/KEGG_AXON_GUIDANCE.html";"Axon guidance";129;0,5482509;0,96809214;0,5420975;1;1;1963;"tags=16%, list=5%, signal=16%"
"MEDICUS_VARIANT_MUTATION_INACTIVATED_ATP1A1_TO_ANGIOTENSIN_ALDOSTERONE_SIGNALING_PATHWAY (N00304)";"https://www.gsea-msigdb.org/gsea/msigdb/cards/KEGG_MEDICUS_VARIANT_MUTATION_INACTIVATED_ATP1A1_TO_ANGIOTENSIN_ALDOSTERONE_SIGNALING_PATHWAY.html";"Pathway Definition from KEGG: ATP1A1* -> Na+ -> (CACNA1D,CACNA1H) -> Ca2+ -> CALM -> CAMK -> CREB => CYP11B2 -> Aldosterone";25;0,6533485;0,96181726;0,593482;1;1;707;"tags=8%, list=2%, signal=8%"
"CALCIUM_SIGNALING_PATHWAY (hsa04020)";"https://www.gsea-msigdb.org/gsea/msigdb/cards/KEGG_CALCIUM_SIGNALING_PATHWAY.html";"Calcium signaling pathway";177;0,52388114;0,96042186;0,54959786;1;1;2801;"tags=21%, list=8%, signal=23%"
"NON_SMALL_CELL_LUNG_CANCER (hsa05223)";"https://www.gsea-msigdb.org/gsea/msigdb/cards/KEGG_NON_SMALL_CELL_LUNG_CANCER.html";"Non-small cell lung cancer";54;0,59590757;0,95457804;0,5398374;1;1;2951;"tags=19%, list=8%, signal=20%"
"B_CELL_RECEPTOR_SIGNALING_PATHWAY (hsa04662)";"https://www.gsea-msigdb.org/gsea/msigdb/cards/KEGG_B_CELL_RECEPTOR_SIGNALING_PATHWAY.html";"B cell receptor signaling pathway";75;0,5688019;0,95413893;0,541791;1;1;1925;"tags=15%, list=5%, signal=15%"
"MEDICUS_VARIANT_LRP6_OVEREXPRESSION_TO_WNT_SIGNALING_PATHWAY (N00060)";"https://www.gsea-msigdb.org/gsea/msigdb/cards/KEGG_MEDICUS_VARIANT_LRP6_OVEREXPRESSION_TO_WNT_SIGNALING_PATHWAY.html";"Pathway Definition from KEGG: WNT -> (FZD+LRP6*) -> (DVL+FRAT) -| (GSK3B+AXIN+APC) -| CTNNB1 -> TCF/LEF => (MYC,CCND1)";45;0,61739576;0,953274;0,5670436;1;1;2832;"tags=24%, list=8%, signal=26%"
"T_CELL_RECEPTOR_SIGNALING_PATHWAY (hsa04660)";"https://www.gsea-msigdb.org/gsea/msigdb/cards/KEGG_T_CELL_RECEPTOR_SIGNALING_PATHWAY.html";"T cell receptor signaling pathway";108;0,5531706;0,9506026;0,5727554;1;1;3663;"tags=17%, list=10%, signal=18%"
"MEDICUS_REFERENCE_GF_RTK_RAS_ERK_SIGNALING_PATHWAY (N01592)";"https://www.gsea-msigdb.org/gsea/msigdb/cards/KEGG_MEDICUS_REFERENCE_GF_RTK_RAS_ERK_SIGNALING_PATHWAY.html";"Pathway Definition from KEGG: GF -> RTK -> GRB2 -> SOS -> RAS -> RAF -> MEK -> ERK";92;0,54959077;0,95053184;0,5349922;1;1;2548;"tags=28%, list=7%, signal=30%"
"MEDICUS_VARIANT_MUTATION_ACTIVATED_CACNA1D_H_TO_ANGIOTENSIN_ALDOSTERONE_SIGNALING_PATHWAY (N00302)";"https://www.gsea-msigdb.org/gsea/msigdb/cards/KEGG_MEDICUS_VARIANT_MUTATION_ACTIVATED_CACNA1D_H_TO_ANGIOTENSIN_ALDOSTERONE_SIGNALING_PATHWAY.html";"Pathway Definition from KEGG: (CACNA1D*,CACNA1H*) -> Ca2+ -> CALM -> CAMK -> CREB => CYP11B2 -> Aldosterone";24;0,65755826;0,9497522;0,5869565;1;1;707;"tags=8%, list=2%, signal=8%"
"GLIOMA (hsa05214)";"https://www.gsea-msigdb.org/gsea/msigdb/cards/KEGG_GLIOMA.html";"Glioma";65;0,5889778;0,9479903;0,57348245;1;1;1810;"tags=11%, list=5%, signal=11%"
"MEDICUS_REFERENCE_WNT_SIGNALING_PATHWAY (N00056)";"https://www.gsea-msigdb.org/gsea/msigdb/cards/KEGG_MEDICUS_REFERENCE_WNT_SIGNALING_PATHWAY.html";"Pathway Definition from KEGG: WNT -> (FZD+LRP5/6) -> (DVL+FRAT) -| (GSK3B+AXIN+APC) -| CTNNB1 -> TCF/LEF => (MYC,CCND1)";46;0,6117555;0,9476678;0,5681063;1;1;2832;"tags=24%, list=8%, signal=26%"
"GLYCOSPHINGOLIPID_BIOSYNTHESIS_GANGLIO_SERIES (hsa00604)";"https://www.gsea-msigdb.org/gsea/msigdb/cards/KEGG_GLYCOSPHINGOLIPID_BIOSYNTHESIS_GANGLIO_SERIES.html";"Glycosphingolipid biosynthesis - ganglio series";15;0,69746506;0,9465096;0,6360294;1;1;5476;"tags=47%, list=15%, signal=55%"
"ENDOCYTOSIS (hsa04144)";"https://www.gsea-msigdb.org/gsea/msigdb/cards/KEGG_ENDOCYTOSIS.html";"Endocytosis";181;0,5158284;0,94649476;0,57675755;1;1;2904;"tags=17%, list=8%, signal=19%"
"MEDICUS_VARIANT_MUTATION_ACTIVATED_KCNJ5_TO_ANGIOTENSIN_ALDOSTERONE_SIGNALING_PATHWAY (N00303)";"https://www.gsea-msigdb.org/gsea/msigdb/cards/KEGG_MEDICUS_VARIANT_MUTATION_ACTIVATED_KCNJ5_TO_ANGIOTENSIN_ALDOSTERONE_SIGNALING_PATHWAY.html";"Pathway Definition from KEGG: KCNJ5* -> Na+ -> (CACNA1D,CACNA1H) -> Ca2+ -> CALM -> CAMK -> CREB => CYP11B2 -> Aldosterone";25;0,6505935;0,9441393;0,605;1;1;707;"tags=8%, list=2%, signal=8%"
"LYSOSOME (hsa04142)";"https://www.gsea-msigdb.org/gsea/msigdb/cards/KEGG_LYSOSOME.html";"Lysosome";121;0,530358;0,93968195;0,5745938;1;1;3454;"tags=9%, list=9%, signal=10%"
"MEDICUS_VARIANT_FZD7_OVEREXPRESSION_TO_WNT_SIGNALING_PATHWAY (N00059)";"https://www.gsea-msigdb.org/gsea/msigdb/cards/KEGG_MEDICUS_VARIANT_FZD7_OVEREXPRESSION_TO_WNT_SIGNALING_PATHWAY.html";"Pathway Definition from KEGG: WNT -> (FZD7*+LRP5/6) -> (DVL+FRAT) -| (GSK3B+AXIN+APC) -| CTNNB1 -> TCF/LEF => (MYC,CCND1)";37;0,6170968;0,93599594;0,597973;1;1;1824;"tags=19%, list=5%, signal=20%"
"MEDICUS_REFERENCE_WNT5A_ROR_SIGNALING_PATHWAY (N01427)";"https://www.gsea-msigdb.org/gsea/msigdb/cards/KEGG_MEDICUS_REFERENCE_WNT5A_ROR_SIGNALING_PATHWAY.html";"Pathway Definition from KEGG: WNT5A -> (FZD,(ROR1,ROR2)) -> DVL";16;0,68674797;0,9356771;0,6507092;1;1;3209;"tags=31%, list=9%, signal=34%"
"ADHERENS_JUNCTION (hsa04520)";"https://www.gsea-msigdb.org/gsea/msigdb/cards/KEGG_ADHERENS_JUNCTION.html";"Adherens junction";73;0,56716394;0,93338186;0,60342145;1;1;3000;"tags=18%, list=8%, signal=19%"
"CELL_CYCLE (hsa04110)";"https://www.gsea-msigdb.org/gsea/msigdb/cards/KEGG_CELL_CYCLE.html";"Cell cycle";124;0,53345954;0,93156415;0,61069834;1;1;2958;"tags=9%, list=8%, signal=10%"
"COMPLEMENT_AND_COAGULATION_CASCADES (hsa04610)";"https://www.gsea-msigdb.org/gsea/msigdb/cards/KEGG_COMPLEMENT_AND_COAGULATION_CASCADES.html";"Complement and coagulation cascades";69;0,5556429;0,91932124;0,6103286;1;1;2563;"tags=28%, list=7%, signal=30%"
"MEDICUS_REFERENCE_FGF_FGFR_PI3K_SIGNALING_PATHWAY (N00037)";"https://www.gsea-msigdb.org/gsea/msigdb/cards/KEGG_MEDICUS_REFERENCE_FGF_FGFR_PI3K_SIGNALING_PATHWAY.html";"Pathway Definition from KEGG: FGF -> FGFR -> PI3K -> PIP3 -> AKT -> MTOR -> S6K";31;0,62674356;0,9183234;0,6300676;1;1;3450;"tags=42%, list=9%, signal=46%"
"PROSTATE_CANCER (hsa05215)";"https://www.gsea-msigdb.org/gsea/msigdb/cards/KEGG_PROSTATE_CANCER.html";"Prostate cancer";89;0,5451504;0,9172312;0,62900764;1;1;2907;"tags=17%, list=8%, signal=18%"
"MEDICUS_REFERENCE_HGF_MET_RAS_ERK_SIGNALING_PATHWAY (N00216)";"https://www.gsea-msigdb.org/gsea/msigdb/cards/KEGG_MEDICUS_REFERENCE_HGF_MET_RAS_ERK_SIGNALING_PATHWAY.html";"Pathway Definition from KEGG: HGF -> MET -> GRB2 -> SOS -> RAS -> RAF -> MEK -> ERK";15;0,66078854;0,91056734;0,64141417;1;1;56;"tags=7%, list=0%, signal=7%"
"OTHER_GLYCAN_DEGRADATION (hsa00511)";"https://www.gsea-msigdb.org/gsea/msigdb/cards/KEGG_OTHER_GLYCAN_DEGRADATION.html";"Other glycan degradation";16;0,6667802;0,9104864;0,6736111;1;1;5605;"tags=25%, list=15%, signal=30%"
"RNA_POLYMERASE (hsa03020)";"https://www.gsea-msigdb.org/gsea/msigdb/cards/KEGG_RNA_POLYMERASE.html";"RNA polymerase";29;0,61485684;0,9069697;0,6327212;1;1;4977;"tags=24%, list=14%, signal=28%"
"ENDOMETRIAL_CANCER (hsa05213)";"https://www.gsea-msigdb.org/gsea/msigdb/cards/KEGG_ENDOMETRIAL_CANCER.html";"Endometrial cancer";52;0,5709385;0,9057635;0,64285713;1;1;2907;"tags=12%, list=8%, signal=13%"
"MEDICUS_REFERENCE_FGF_FGFR_RAS_ERK_SIGNALING_PATHWAY (N00019)";"https://www.gsea-msigdb.org/gsea/msigdb/cards/KEGG_MEDICUS_REFERENCE_FGF_FGFR_RAS_ERK_SIGNALING_PATHWAY.html";"Pathway Definition from KEGG: FGF -> FGFR -> GRB2 -> SOS -> RAS -> RAF -> MEK -> ERK";35;0,6002232;0,9024446;0,65391016;1;1;3450;"tags=31%, list=9%, signal=35%"
"MEDICUS_REFERENCE_RTK_PLCG_ITPR_SIGNALING_PATHWAY (N01641)";"https://www.gsea-msigdb.org/gsea/msigdb/cards/KEGG_MEDICUS_REFERENCE_RTK_PLCG_ITPR_SIGNALING_PATHWAY.html";"Pathway Definition from KEGG: GF -> RTK -> PLCG -> IP3 -> ITPR -> Ca2+(cyto)";55;0,55644935;0,89826715;0,6535948;1;1;2548;"tags=36%, list=7%, signal=39%"
"PYRUVATE_METABOLISM (hsa00620)";"https://www.gsea-msigdb.org/gsea/msigdb/cards/KEGG_PYRUVATE_METABOLISM.html";"Pyruvate metabolism";40;0,5925352;0,89814895;0,6549414;1;1;1337;"tags=5%, list=4%, signal=5%"
"MEDICUS_VARIANT_NOTCH_OVEREXPRESSION_TO_NOTCH_SIGNALING_PATHWAY (N00087)";"https://www.gsea-msigdb.org/gsea/msigdb/cards/KEGG_MEDICUS_VARIANT_NOTCH_OVEREXPRESSION_TO_NOTCH_SIGNALING_PATHWAY.html";"Pathway Definition from KEGG: (DLL,JAG) -> (NOTCH1*,NOTCH4*) -> (NICD+RBPJ) => (ERBB2,HES1,HES5,HEY,FLT4)";16;0,6521777;0,89671355;0,6745887;1;1;2712;"tags=38%, list=7%, signal=41%"
"SYSTEMIC_LUPUS_ERYTHEMATOSUS (hsa05322)";"https://www.gsea-msigdb.org/gsea/msigdb/cards/KEGG_SYSTEMIC_LUPUS_ERYTHEMATOSUS.html";"Systemic lupus erythematosus";136;0,5029626;0,8921549;0,6940837;1;1;2761;"tags=20%, list=8%, signal=21%"
"MEDICUS_REFERENCE_FLT3LG_FLT3_RAS_PI3K_SIGNALING_PATHWAY (N00218)";"https://www.gsea-msigdb.org/gsea/msigdb/cards/KEGG_MEDICUS_REFERENCE_FLT3LG_FLT3_RAS_PI3K_SIGNALING_PATHWAY.html";"Pathway Definition from KEGG: FLT3LG -> FLT3 -> GRB2 -> SOS -> RAS -> PI3K -> PIP3 -> AKT -> MTOR";15;0,6392197;0,8873669;0,68813556;1;1;2907;"tags=13%, list=8%, signal=14%"
"PRIMARY_BILE_ACID_BIOSYNTHESIS (hsa00120)";"https://www.gsea-msigdb.org/gsea/msigdb/cards/KEGG_PRIMARY_BILE_ACID_BIOSYNTHESIS.html";"Primary bile acid biosynthesis";16;0,6446866;0,8872975;0,6882662;1;1;2562;"tags=19%, list=7%, signal=20%"
"MEDICUS_REFERENCE_DNA_REPLICATION_TERMINATION (N01473)";"https://www.gsea-msigdb.org/gsea/msigdb/cards/KEGG_MEDICUS_REFERENCE_DNA_REPLICATION_TERMINATION.html";"Pathway Definition from KEGG: CMG+PIF1 -> CMG+CRL2-LRR1 -> CMG == MCM7+Ub -> MCM7+VCP+UFD1+NPL4";21;0,63622475;0,8869025;0,6888112;1;1;7743;"tags=67%, list=21%, signal=85%"
"SPLICEOSOME (hsa03040)";"https://www.gsea-msigdb.org/gsea/msigdb/cards/KEGG_SPLICEOSOME.html";"Spliceosome";126;0,49960646;0,8865447;0,6886228;1;1;4501;"tags=10%, list=12%, signal=11%"
"MEDICUS_ENV_FACTOR_E2_TO_RAS_ERK_SIGNALING_PATHWAY (N01353)";"https://www.gsea-msigdb.org/gsea/msigdb/cards/KEGG_MEDICUS_ENV_FACTOR_E2_TO_RAS_ERK_SIGNALING_PATHWAY.html";"Pathway Definition from KEGG: E2 -> ESR1/2 -> SRC -> RAS -> RAF -> MEK -> ERK -> (ESR1/2,AP1) => CHRNA9";16;0,6414528;0,8826943;0,71477664;1;1;4999;"tags=38%, list=14%, signal=43%"
"VIBRIO_CHOLERAE_INFECTION (hsa05110)";"https://www.gsea-msigdb.org/gsea/msigdb/cards/KEGG_VIBRIO_CHOLERAE_INFECTION.html";"Vibrio cholerae infection";54;0,55958253;0,8808243;0,6923077;1;1;2935;"tags=13%, list=8%, signal=14%"
"MAPK_SIGNALING_PATHWAY (hsa04010)";"https://www.gsea-msigdb.org/gsea/msigdb/cards/KEGG_MAPK_SIGNALING_PATHWAY.html";"MAPK signaling pathway";267;0,45852745;0,88035995;0,74734044;1;1;3095;"tags=24%, list=9%, signal=26%"
"MEDICUS_VARIANT_MUTATION_CAUSED_ABERRANT_TDP43_TO_ELECTRON_TRANSFER_IN_COMPLEX_I (N01136)";"https://www.gsea-msigdb.org/gsea/msigdb/cards/KEGG_MEDICUS_VARIANT_MUTATION_CAUSED_ABERRANT_TDP43_TO_ELECTRON_TRANSFER_IN_COMPLEX_I.html";"Pathway Definition from KEGG: TARDBP* -| CxI -> Q";45;0,5639026;0,8779504;0,66161615;1;1;2445;"tags=4%, list=7%, signal=5%"
"MEDICUS_REFERENCE_MITOCHONDRIAL_COMPLEX_UCP1_IN_THERMOGENESIS (N01691)";"https://www.gsea-msigdb.org/gsea/msigdb/cards/KEGG_MEDICUS_REFERENCE_MITOCHONDRIAL_COMPLEX_UCP1_IN_THERMOGENESIS.html";"Pathway Definition from KEGG: CxI == CxII == CxIII == CxIV == ATPase -> UCP1";62;0,54015255;0,87684363;0,683871;1;1;5140;"tags=13%, list=14%, signal=15%"
"MEDICUS_VARIANT_MUTATION_INACTIVATED_PINK1_TO_ELECTRON_TRANSFER_IN_COMPLEX_I (N01043)";"https://www.gsea-msigdb.org/gsea/msigdb/cards/KEGG_MEDICUS_VARIANT_MUTATION_INACTIVATED_PINK1_TO_ELECTRON_TRANSFER_IN_COMPLEX_I.html";"Pathway Definition from KEGG: PINK1* -| CxI -> Q";45;0,5628252;0,87651914;0,6967213;1;1;2445;"tags=4%, list=7%, signal=5%"
"MEDICUS_REFERENCE_AGE_RAGE_SIGNALING_PATHWAY (N00994)";"https://www.gsea-msigdb.org/gsea/msigdb/cards/KEGG_MEDICUS_REFERENCE_AGE_RAGE_SIGNALING_PATHWAY.html";"Pathway Definition from KEGG: AGE -> AGER -> RAS -> RAF -> MEK -> ERK -> NFKB => (TNF,IL6,NOS2)";16;0,638725;0,8757109;0,69299823;1;1;1132;"tags=6%, list=3%, signal=6%"
"MEDICUS_VARIANT_MUTATION_CAUSED_ABERRANT_ABETA_TO_AGE_RAGE_SIGNALING_PATHWAY (N00996)";"https://www.gsea-msigdb.org/gsea/msigdb/cards/KEGG_MEDICUS_VARIANT_MUTATION_CAUSED_ABERRANT_ABETA_TO_AGE_RAGE_SIGNALING_PATHWAY.html";"Pathway Definition from KEGG: APP* -> Abeta -> AGER -> RAS -> RAF -> MEK -> ERK -> NFKB => (TNF,IL6,NOS2)";17;0,6386495;0,87418836;0,71652174;1;1;1132;"tags=6%, list=3%, signal=6%"
"HOMOLOGOUS_RECOMBINATION (hsa03440)";"https://www.gsea-msigdb.org/gsea/msigdb/cards/KEGG_HOMOLOGOUS_RECOMBINATION.html";"Homologous recombination";28;0,59341896;0,8732149;0,69283277;1;1;6582;"tags=32%, list=18%, signal=39%"
"MEDICUS_REFERENCE_ELECTRON_TRANSFER_IN_COMPLEX_I (N00995)";"https://www.gsea-msigdb.org/gsea/msigdb/cards/KEGG_MEDICUS_REFERENCE_ELECTRON_TRANSFER_IN_COMPLEX_I.html";"Pathway Definition from KEGG: NADH -- CxI -> Q";44;0,565985;0,87240475;0,68670887;1;1;2445;"tags=5%, list=7%, signal=5%"
"MEDICUS_REFERENCE_ITGA_B_TALIN_VINCULIN_SIGNALING_PATHWAY (N01080)";"https://www.gsea-msigdb.org/gsea/msigdb/cards/KEGG_MEDICUS_REFERENCE_ITGA_B_TALIN_VINCULIN_SIGNALING_PATHWAY.html";"Pathway Definition from KEGG: FN1 -> (ITGA+ITGB) -> (PTK2+PXN+ILK) -> (TLN+ACTN1/4+VCN) -> (ACTB,ACTG1)";30;0,58618736;0,8723517;0,6910017;1;1;4841;"tags=57%, list=13%, signal=65%"
"MEDICUS_ENV_FACTOR_METALS_TO_NFKB_SIGNALING_PATHWAY (N01411)";"https://www.gsea-msigdb.org/gsea/msigdb/cards/KEGG_MEDICUS_ENV_FACTOR_METALS_TO_NFKB_SIGNALING_PATHWAY.html";"Pathway Definition from KEGG: Metals -> ROS -| PTP -| SRC -> ABL -> PKD -> IKK -> NFKBIA -> NFKB";15;0,6334351;0,8630996;0,72482014;1;1;3377;"tags=20%, list=9%, signal=22%"
"MELANOGENESIS (hsa04916)";"https://www.gsea-msigdb.org/gsea/msigdb/cards/KEGG_MELANOGENESIS.html";"Melanogenesis";101;0,501765;0,8618221;0,71841705;1;1;2832;"tags=18%, list=8%, signal=19%"
"MEDICUS_REFERENCE_GHRHR_PKA_GH_SIGNALING_PATHWAY (N00910)";"https://www.gsea-msigdb.org/gsea/msigdb/cards/KEGG_MEDICUS_REFERENCE_GHRHR_PKA_GH_SIGNALING_PATHWAY.html";"Pathway Definition from KEGG: GHRH -> GHRHR -> GNAS -> ADCY -> cAMP -> PKA -> CREB => POU1F1 => (GH1,GH2)";28;0,5800927;0,85546327;0,70166665;1;1;4927;"tags=39%, list=14%, signal=45%"
"MEDICUS_VARIANT_MUTATION_CAUSED_ABERRANT_SNCA_TO_ELECTRON_TRANSFER_IN_COMPLEX_I (N01042)";"https://www.gsea-msigdb.org/gsea/msigdb/cards/KEGG_MEDICUS_VARIANT_MUTATION_CAUSED_ABERRANT_SNCA_TO_ELECTRON_TRANSFER_IN_COMPLEX_I.html";"Pathway Definition from KEGG: SNCA* -| CxI -> Q";45;0,5635167;0,8543448;0,736;1;1;2445;"tags=4%, list=7%, signal=5%"
"RNA_DEGRADATION (hsa03018)";"https://www.gsea-msigdb.org/gsea/msigdb/cards/KEGG_RNA_DEGRADATION.html";"RNA degradation";57;0,5323574;0,85139406;0,7165862;1;1;6600;"tags=26%, list=18%, signal=32%"
"VALINE_LEUCINE_AND_ISOLEUCINE_DEGRADATION (hsa00280)";"https://www.gsea-msigdb.org/gsea/msigdb/cards/KEGG_VALINE_LEUCINE_AND_ISOLEUCINE_DEGRADATION.html";"Valine, leucine and isoleucine degradation";44;0,54515463;0,8494241;0,7168874;1;1;419;"tags=2%, list=1%, signal=2%"
"CHEMOKINE_SIGNALING_PATHWAY (hsa04062)";"https://www.gsea-msigdb.org/gsea/msigdb/cards/KEGG_CHEMOKINE_SIGNALING_PATHWAY.html";"Chemokine signaling pathway";187;0,45616964;0,8489016;0,7965616;1;1;2674;"tags=14%, list=7%, signal=16%"
"MEDICUS_REFERENCE_TRAIP_DEPENDENT_REPLISOME_DISASSEMBLY (N01474)";"https://www.gsea-msigdb.org/gsea/msigdb/cards/KEGG_MEDICUS_REFERENCE_TRAIP_DEPENDENT_REPLISOME_DISASSEMBLY.html";"Pathway Definition from KEGG: CMG+TRAIP -> CMG == MCM7+Ub -> MCM7+VCP+UFD1+NPL4";16;0,61514175;0,84785914;0,73214287;1;1;7685;"tags=56%, list=21%, signal=71%"
"MEDICUS_REFERENCE_LONG_PATCH_BER (N01436)";"https://www.gsea-msigdb.org/gsea/msigdb/cards/KEGG_MEDICUS_REFERENCE_LONG_PATCH_BER.html";"Pathway Definition from KEGG: POLB == (POLD,POLE) == PCNA == RFC -> PCNA+FEN1 -> PCNA+LIG1";17;0,6225684;0,8447632;0,74216026;1;1;8340;"tags=65%, list=23%, signal=84%"
"MEDICUS_REFERENCE_TLR7_9_IRF7_SIGNALING_PATHWAY (N00690)";"https://www.gsea-msigdb.org/gsea/msigdb/cards/KEGG_MEDICUS_REFERENCE_TLR7_9_IRF7_SIGNALING_PATHWAY.html";"Pathway Definition from KEGG: (TLR7,TLR9) -> MYD88 -> (IRAK4+IRAK1) -> IRF7 => (IFNA,IFNB1)";20;0,5997179;0,8369405;0,74867254;1;1;2150;"tags=5%, list=6%, signal=5%"
"MEDICUS_REFERENCE_ACH_CHRN_RAS_ERK_SIGNALING_PATHWAY (N01343)";"https://www.gsea-msigdb.org/gsea/msigdb/cards/KEGG_MEDICUS_REFERENCE_ACH_CHRN_RAS_ERK_SIGNALING_PATHWAY.html";"Pathway Definition from KEGG: ACh -> CHRNA7 -> Ca2+ -> RAS -> RAF -> MEK -> ERK -> CREB";21;0,58408684;0,82692605;0,74390244;1;1;4912;"tags=29%, list=13%, signal=33%"
"MEDICUS_VARIANT_MUTATION_INACTIVATED_RASD1_TO_CRHR_PKA_ACTH_SIGNALING_PATHWAY (N00325)";"https://www.gsea-msigdb.org/gsea/msigdb/cards/KEGG_MEDICUS_VARIANT_MUTATION_INACTIVATED_RASD1_TO_CRHR_PKA_ACTH_SIGNALING_PATHWAY.html";"Pathway Definition from KEGG: RASD1* // GNAI // ADCY -> cAMP -> PKA -> CREB -> ACTH";27;0,5668144;0,8260307;0,7415541;1;1;5423;"tags=41%, list=15%, signal=48%"
"MEDICUS_REFERENCE_HOMOLOGOUS_RECOMBINATION_IN_ICLR (N01466)";"https://www.gsea-msigdb.org/gsea/msigdb/cards/KEGG_MEDICUS_REFERENCE_HOMOLOGOUS_RECOMBINATION_IN_ICLR.html";"Pathway Definition from KEGG: FANCD2+FANCI+Ub -> BRCA1+BARD1 == BRIP1 == BRCA2+PALB2+DSS1 == RPA == HROB+MCM8+MCM9";16;0,5989514;0,8242399;0,7534722;1;1;7136;"tags=50%, list=20%, signal=62%"
"INOSITOL_PHOSPHATE_METABOLISM (hsa00562)";"https://www.gsea-msigdb.org/gsea/msigdb/cards/KEGG_INOSITOL_PHOSPHATE_METABOLISM.html";"Inositol phosphate metabolism";54;0,526473;0,8228974;0,7737105;1;1;2620;"tags=20%, list=7%, signal=22%"
"MEDICUS_PATHOGEN_HCMV_UL33_TO_GNAI_AC_PKA_SIGNALING_PATHWAY (N00412)";"https://www.gsea-msigdb.org/gsea/msigdb/cards/KEGG_MEDICUS_PATHOGEN_HCMV_UL33_TO_GNAI_AC_PKA_SIGNALING_PATHWAY.html";"Pathway Definition from KEGG: UL33 -> (GNAI,GNAO) -| ADCY -> cAMP -> PKA -> CREB";26;0,5603685;0,8200894;0,76;1;1;4927;"tags=35%, list=14%, signal=40%"
"MEDICUS_REFERENCE_CRHR_PKA_ACTH_SIGNALING_PATHWAY (N00324)";"https://www.gsea-msigdb.org/gsea/msigdb/cards/KEGG_MEDICUS_REFERENCE_CRHR_PKA_ACTH_SIGNALING_PATHWAY.html";"Pathway Definition from KEGG: CRH -> CRHR -> GNAS -> ADCY -> cAMP -> PKA -> CREB -> ACTH";27;0,56536466;0,81241274;0,7631134;1;1;4927;"tags=33%, list=14%, signal=39%"
"MEDICUS_REFERENCE_MISMATCH_REPAIR (N01432)";"https://www.gsea-msigdb.org/gsea/msigdb/cards/KEGG_MEDICUS_REFERENCE_MISMATCH_REPAIR.html";"Pathway Definition from KEGG: (MSH2+MSH6,MSH3) == (MLH1+PMS2,PMS1,MLH3) == PCNA == RFC -> RPA == EXO1 -> POLD,POLE -> LIG1";26;0,5585444;0,80825007;0,7770383;1;1;8340;"tags=46%, list=23%, signal=60%"
"COLORECTAL_CANCER (hsa05210)";"https://www.gsea-msigdb.org/gsea/msigdb/cards/KEGG_COLORECTAL_CANCER.html";"Colorectal cancer";62;0,49359834;0,8080731;0,7718121;1;1;3076;"tags=13%, list=8%, signal=14%"
"MEDICUS_VARIANT_MUTATION_ACTIVATED_GNAS_TO_CRHR_PKA_ACTH_SIGNALING_PATHWAY (N00326)";"https://www.gsea-msigdb.org/gsea/msigdb/cards/KEGG_MEDICUS_VARIANT_MUTATION_ACTIVATED_GNAS_TO_CRHR_PKA_ACTH_SIGNALING_PATHWAY.html";"Pathway Definition from KEGG: GNAS* -> ADCY -> cAMP -> PKA -> CREB -> ACTH";24;0,5666567;0,80070645;0,79695433;1;1;4927;"tags=38%, list=14%, signal=43%"
"TYPE_I_DIABETES_MELLITUS (hsa04940)";"https://www.gsea-msigdb.org/gsea/msigdb/cards/KEGG_TYPE_I_DIABETES_MELLITUS.html";"Type I diabetes mellitus";41;0,51401585;0,78665537;0,8025682;1;1;4140;"tags=39%, list=11%, signal=44%"
"MEDICUS_REFERENCE_REGULATION_OF_GF_RTK_RAS_ERK_SIGNALING_UBIQUITINATION_OF_RTK_BY_CBL (N01599)";"https://www.gsea-msigdb.org/gsea/msigdb/cards/KEGG_MEDICUS_REFERENCE_REGULATION_OF_GF_RTK_RAS_ERK_SIGNALING_UBIQUITINATION_OF_RTK_BY_CBL.html";"Pathway Definition from KEGG: CBL -| RTK";25;0,5401415;0,7841099;0,7842105;1;1;2424;"tags=32%, list=7%, signal=34%"
"MEDICUS_PATHOGEN_SALMONELLA_SOPB_TO_ARNO_ARF_ACTB_G_SIGNALING_PATHWAY (N01129)";"https://www.gsea-msigdb.org/gsea/msigdb/cards/KEGG_MEDICUS_PATHOGEN_SALMONELLA_SOPB_TO_ARNO_ARF_ACTB_G_SIGNALING_PATHWAY.html";"Pathway Definition from KEGG: SopB -> (PIK3CA/B/G/D,PIK3C2B) -> PIP3 -> ARNO -> ARF6 -> ARF1 -> (WASF+ABI1+HSPC300+CYFIP+NCKAP1) -> ARP2/3 -> (ACTB,ACTG1)";30;0,53017914;0,78195;0,7768313;1;1;4424;"tags=20%, list=12%, signal=23%"
"MEDICUS_REFERENCE_E2_ER_RAS_ERK_SIGNALING_PATHWAY (N01351)";"https://www.gsea-msigdb.org/gsea/msigdb/cards/KEGG_MEDICUS_REFERENCE_E2_ER_RAS_ERK_SIGNALING_PATHWAY.html";"Pathway Definition from KEGG: E2 -> ESR1/2 -> SRC -> RAS -> RAF -> MEK -> ERK -> CREB";23;0,5460048;0,7783581;0,79566;1;1;4912;"tags=30%, list=13%, signal=35%"
"MEDICUS_REFERENCE_TLR7_8_9_IRF5_SIGNALING_PATHWAY (N01543)";"https://www.gsea-msigdb.org/gsea/msigdb/cards/KEGG_MEDICUS_REFERENCE_TLR7_8_9_IRF5_SIGNALING_PATHWAY.html";"Pathway Definition from KEGG: (TLR7+TLR8+TLR9) -> MYD88 -> (IRAK4+IRAK1) -> TRAF6 -> IRF5 => (IFNA,IFNB1)";22;0,53895843;0,7723164;0,820598;1;1;2150;"tags=5%, list=6%, signal=5%"
"MEDICUS_REFERENCE_IGF_IGF1R_RAS_ERK_SIGNALING_PATHWAY (N00233)";"https://www.gsea-msigdb.org/gsea/msigdb/cards/KEGG_MEDICUS_REFERENCE_IGF_IGF1R_RAS_ERK_SIGNALING_PATHWAY.html";"Pathway Definition from KEGG: IGF -> IGF1R -> GRB2 -> SOS -> RAS -> RAF -> MEK -> ERK";16;0,5461512;0,7631918;0,8;1;1;4702;"tags=19%, list=13%, signal=22%"
"NOTCH_SIGNALING_PATHWAY (hsa04330)";"https://www.gsea-msigdb.org/gsea/msigdb/cards/KEGG_NOTCH_SIGNALING_PATHWAY.html";"Notch signaling pathway";47;0,48367694;0,75708216;0,8489933;1;1;2803;"tags=15%, list=8%, signal=16%"
"FC_GAMMA_R_MEDIATED_PHAGOCYTOSIS (hsa04666)";"https://www.gsea-msigdb.org/gsea/msigdb/cards/KEGG_FC_GAMMA_R_MEDIATED_PHAGOCYTOSIS.html";"Fc gamma R-mediated phagocytosis";95;0,44761148;0,75669855;0,87801206;1;1;2590;"tags=17%, list=7%, signal=18%"
"MEDICUS_REFERENCE_TSH_TG_SIGNALING_PATHWAY (N00782)";"https://www.gsea-msigdb.org/gsea/msigdb/cards/KEGG_MEDICUS_REFERENCE_TSH_TG_SIGNALING_PATHWAY.html";"Pathway Definition from KEGG: TSHB -> TSHR -> GNAS -> ADCY -> cAMP -> PKA -> (TTF1,TTF2,PAX8,CREB) => TG";29;0,5164332;0,75372523;0,8132428;1;1;4927;"tags=38%, list=14%, signal=44%"
"MEDICUS_REFERENCE_TNF_P38_SIGNALING_PATHWAY (N00444)";"https://www.gsea-msigdb.org/gsea/msigdb/cards/KEGG_MEDICUS_REFERENCE_TNF_P38_SIGNALING_PATHWAY.html";"Pathway Definition from KEGG: TNF -> TNFRSF1A -> (RIPK1+TRADD+TRAF2/5) -> (TAK1+TAB1/2) -> MKK3/6 -> MAPK14 -> MSK1/2 -> CREB";24;0,53417385;0,75359964;0,8336252;1;1;2636;"tags=21%, list=7%, signal=22%"
"AMINO_SUGAR_AND_NUCLEOTIDE_SUGAR_METABOLISM (hsa00520)";"https://www.gsea-msigdb.org/gsea/msigdb/cards/KEGG_AMINO_SUGAR_AND_NUCLEOTIDE_SUGAR_METABOLISM.html";"Amino sugar and nucleotide sugar metabolism";44;0,48376137;0,7503213;0,8573718;1;1;5571;"tags=30%, list=15%, signal=35%"
"AMINOACYL_TRNA_BIOSYNTHESIS (hsa00970)";"https://www.gsea-msigdb.org/gsea/msigdb/cards/KEGG_AMINOACYL_TRNA_BIOSYNTHESIS.html";"Aminoacyl-tRNA biosynthesis";41;0,48126423;0,7501189;0,86644953;1;1;6506;"tags=22%, list=18%, signal=27%"
"MEDICUS_VARIANT_CYP11B1_CYP11B2_FUSION_TO_ACTH_CORTISOL_SIGNALING_PATHWAY (N00298)";"https://www.gsea-msigdb.org/gsea/msigdb/cards/KEGG_MEDICUS_VARIANT_CYP11B1_CYP11B2_FUSION_TO_ACTH_CORTISOL_SIGNALING_PATHWAY.html";"Pathway Definition from KEGG: ACTH -> (MC2R+MRAP) -> GNAS -> ADCY -> cAMP -> PKA -> (NR5A1,NR4A1,SP1,PBX1,CREB) => CYP11B2* -> Aldosterone";31;0,49715614;0,7487255;0,8383333;1;1;4927;"tags=32%, list=14%, signal=37%"
"MEDICUS_REFERENCE_GPCR_PLCB_ITPR_SIGNALING_PATHWAY (N01640)";"https://www.gsea-msigdb.org/gsea/msigdb/cards/KEGG_MEDICUS_REFERENCE_GPCR_PLCB_ITPR_SIGNALING_PATHWAY.html";"Pathway Definition from KEGG: GPCR -> GNAQ -> PLCB -> IP3 -> ITPR -> Ca2+(cyto)";50;0,47560608;0,74499786;0,8529887;1;1;2741;"tags=26%, list=8%, signal=28%"
"MEDICUS_REFERENCE_ITGA_B_RHOGEF_RHOA_SIGNALING_PATHWAY (N01072)";"https://www.gsea-msigdb.org/gsea/msigdb/cards/KEGG_MEDICUS_REFERENCE_ITGA_B_RHOGEF_RHOA_SIGNALING_PATHWAY.html";"Pathway Definition from KEGG: FN1 -> (ITGA+ITGB) -> PTK2 -> ARHGEF28 -> RHOA";23;0,5235619;0,7449232;0,8339041;1;1;5230;"tags=61%, list=14%, signal=71%"
"MEDICUS_REFERENCE_TRANSLATION_INITIATION (N01317)";"https://www.gsea-msigdb.org/gsea/msigdb/cards/KEGG_MEDICUS_REFERENCE_TRANSLATION_INITIATION.html";"Pathway Definition from KEGG: 40S == mRNA == 60S";81;0,44521552;0,74137205;0,8910741;1;1;2910;"tags=4%, list=8%, signal=4%"
"RIBOSOME (hsa03010)";"https://www.gsea-msigdb.org/gsea/msigdb/cards/KEGG_RIBOSOME.html";"Ribosome";87;0,43503684;0,73469144;0,9114907;1;1;5480;"tags=10%, list=15%, signal=12%"
"NITROGEN_METABOLISM (hsa00910)";"https://www.gsea-msigdb.org/gsea/msigdb/cards/KEGG_NITROGEN_METABOLISM.html";"Nitrogen metabolism";23;0,52264273;0,7310007;0,846281;1;1;2041;"tags=26%, list=6%, signal=28%"
"MEDICUS_REFERENCE_ITGA_B_FAK_CDC42_SIGNALING_PATHWAY (N01070)";"https://www.gsea-msigdb.org/gsea/msigdb/cards/KEGG_MEDICUS_REFERENCE_ITGA_B_FAK_CDC42_SIGNALING_PATHWAY.html";"Pathway Definition from KEGG: FN1 -> (ITGA+ITGB) -> (SRC,PTK2) -> PXN -> (GIT2+ARHGEF7) -> CDC42";26;0,49994537;0,7253648;0,8624788;1;1;4841;"tags=46%, list=13%, signal=53%"
"MEDICUS_REFERENCE_COHESIN_DISSOCIATION_IN_ANAPHASE (N01486)";"https://www.gsea-msigdb.org/gsea/msigdb/cards/KEGG_MEDICUS_REFERENCE_COHESIN_DISSOCIATION_IN_ANAPHASE.html";"Pathway Definition from KEGG: ANAPC+CDC20 -| PTTG1 -| ESPL1 -| RAD21";16;0,5212464;0,72397226;0,8376963;1;1;4865;"tags=13%, list=13%, signal=14%"
"MEDICUS_REFERENCE_ACTH_CORTISOL_SIGNALING_PATHWAY (N00297)";"https://www.gsea-msigdb.org/gsea/msigdb/cards/KEGG_MEDICUS_REFERENCE_ACTH_CORTISOL_SIGNALING_PATHWAY.html";"Pathway Definition from KEGG: ACTH -> (MC2R+MRAP) -> GNAS -> ADCY -> cAMP -> PKA -> (NR5A1,NR4A1,SP1,PBX1,CREB) => (STAR,CYP11B1) -> Cortisol";32;0,47740462;0,71716243;0,8741722;1;1;4927;"tags=31%, list=14%, signal=36%"
"MEDICUS_VARIANT_SCRAPIE_CONFORMATION_PRPSC_TO_TRANSPORT_OF_CALCIUM (N01200)";"https://www.gsea-msigdb.org/gsea/msigdb/cards/KEGG_MEDICUS_VARIANT_SCRAPIE_CONFORMATION_PRPSC_TO_TRANSPORT_OF_CALCIUM.html";"Pathway Definition from KEGG: PRNP* -> NMDAR -> Ca2+ -- MCU -> Ca2+(mito) -- MPTP -> CYCS == APAF1 -> CASP9 -> CASP3";18;0,5212463;0,7130434;0,8666667;1;1;1340;"tags=17%, list=4%, signal=17%"
"MEDICUS_REFERENCE_ITGA_B_FAK_RAC_SIGNALING_PATHWAY (N01068)";"https://www.gsea-msigdb.org/gsea/msigdb/cards/KEGG_MEDICUS_REFERENCE_ITGA_B_FAK_RAC_SIGNALING_PATHWAY.html";"Pathway Definition from KEGG: FN1 -> (ITGA+ITGB) -> (SRC,PTK2) -> (PXN,CRK+BCAR1) -> (DOCK1+ELMO1) -> RAC";30;0,47808924;0,71210223;0,890785;1;1;3174;"tags=27%, list=9%, signal=29%"
"MEDICUS_REFERENCE_AUTOPHAGOSOME_AND_LYSOSOME_FUSION_TETHERING_FACTOR (N01721)";"https://www.gsea-msigdb.org/gsea/msigdb/cards/KEGG_MEDICUS_REFERENCE_AUTOPHAGOSOME_AND_LYSOSOME_FUSION_TETHERING_FACTOR.html";"Pathway Definition from KEGG: RAB7 == (EPG5,PLEKHM1,BIRC6,HOPS,TECPR2) == LC3-II";16;0,5185572;0,7115555;0,8660377;1;1;1902;"tags=19%, list=5%, signal=20%"
"MEDICUS_REFERENCE_P4_PR_RAS_ERK_SIGNALING_PATHWAY (N01360)";"https://www.gsea-msigdb.org/gsea/msigdb/cards/KEGG_MEDICUS_REFERENCE_P4_PR_RAS_ERK_SIGNALING_PATHWAY.html";"Pathway Definition from KEGG: P4 -> (PGR+SRC) -> GRB2 -> SOS -> RAS -> RAF -> MEK -> ERK -> CCND1";16;0,51993954;0,71114886;0,8778359;1;1;4702;"tags=19%, list=13%, signal=22%"
"MEDICUS_VARIANT_MUTATION_ACTIVATED_GNAS_TO_ACTH_CORTISOL_SIGNALING_PATHWAY (N00321)";"https://www.gsea-msigdb.org/gsea/msigdb/cards/KEGG_MEDICUS_VARIANT_MUTATION_ACTIVATED_GNAS_TO_ACTH_CORTISOL_SIGNALING_PATHWAY.html";"Pathway Definition from KEGG: GNAS* -> ADCY -> cAMP -> PKA -> (NR5A1,NR4A1,SP1,PBX1,CREB) => (STAR,CYP11B1) -> Cortisol";29;0,48001164;0,7080609;0,8762058;1;1;4927;"tags=34%, list=14%, signal=40%"
"MEDICUS_REFERENCE_ITGA_B_RHOGAP_RHOA_SIGNALING_PATHWAY (N00393)";"https://www.gsea-msigdb.org/gsea/msigdb/cards/KEGG_MEDICUS_REFERENCE_ITGA_B_RHOGAP_RHOA_SIGNALING_PATHWAY.html";"Pathway Definition from KEGG: FN1 -> (ITGA+ITGB) -> SRC -> ARHGAP35 -| RHOA";23;0,4926084;0,7079154;0,88408303;1;1;4841;"tags=48%, list=13%, signal=55%"
"MEDICUS_REFERENCE_SPINDLE_ASSEMBLY_CHECKPOINT_SIGNALING (N00493)";"https://www.gsea-msigdb.org/gsea/msigdb/cards/KEGG_MEDICUS_REFERENCE_SPINDLE_ASSEMBLY_CHECKPOINT_SIGNALING.html";"Pathway Definition from KEGG: MAD1L1 -> (MAD2L1/2+BUB1B+BUB3) -| (ANAPC+CDC20) -| PTTG -| ESPL1";21;0,5047705;0,7076684;0,87344027;1;1;5911;"tags=14%, list=16%, signal=17%"
"MEDICUS_REFERENCE_ITGA_B_RHOG_RAC_SIGNALING_PATHWAY (N00951)";"https://www.gsea-msigdb.org/gsea/msigdb/cards/KEGG_MEDICUS_REFERENCE_ITGA_B_RHOG_RAC_SIGNALING_PATHWAY.html";"Pathway Definition from KEGG: FN1 -> (ITGA+ITGB) -> RHOG -> (DOCK1+ELMO) -> RAC";28;0,4815553;0,7057888;0,890625;1;1;3174;"tags=25%, list=9%, signal=27%"
"MEDICUS_REFERENCE_TYPE_I_INTERFERON_TO_JAK_STAT_SIGNALING_PATHWAY (N01558)";"https://www.gsea-msigdb.org/gsea/msigdb/cards/KEGG_MEDICUS_REFERENCE_TYPE_I_INTERFERON_TO_JAK_STAT_SIGNALING_PATHWAY.html";"Pathway Definition from KEGG: (IFNA,IFNB1,IFNW1,IFNK,IFNE) -> (IFNAR1+IFNAR2) -> (JAK1+TYK2) -> (STAT1+STAT2) == IRF9";24;0,49124658;0,7057548;0,88557214;1;1;6414;"tags=8%, list=18%, signal=10%"
"ALZHEIMERS_DISEASE (hsa05010)";"https://www.gsea-msigdb.org/gsea/msigdb/cards/KEGG_ALZHEIMERS_DISEASE.html";"Alzheimer's disease";163;0,38586888;0,70449346;0,9927536;1;1;2801;"tags=9%, list=8%, signal=9%"
"MEDICUS_PATHOGEN_HTLV_1_TAX_TO_SPINDLE_ASSEMBLY_CHECKPOINT_SIGNALING (N00221)";"https://www.gsea-msigdb.org/gsea/msigdb/cards/KEGG_MEDICUS_PATHOGEN_HTLV_1_TAX_TO_SPINDLE_ASSEMBLY_CHECKPOINT_SIGNALING.html";"Pathway Definition from KEGG: TAX -> (ANAPC+CDC20) -| PTTG -| ESPL1";16;0,5215502;0,70446575;0,8594025;1;1;4865;"tags=13%, list=13%, signal=14%"
"MEDICUS_REFERENCE_CD80_CD86_CTLA4_PP2A_SIGNALING_PATHWAY (N01579)";"https://www.gsea-msigdb.org/gsea/msigdb/cards/KEGG_MEDICUS_REFERENCE_CD80_CD86_CTLA4_PP2A_SIGNALING_PATHWAY.html";"Pathway Definition from KEGG: (CD80,CD86) -> CTLA4 -> PP2A -| AKT";22;0,49215168;0,69205654;0,8905473;1;1;4125;"tags=23%, list=11%, signal=26%"
"MTOR_SIGNALING_PATHWAY (hsa04150)";"https://www.gsea-msigdb.org/gsea/msigdb/cards/KEGG_MTOR_SIGNALING_PATHWAY.html";"mTOR signaling pathway";52;0,4336253;0,6882784;0,9377049;1;1;3440;"tags=12%, list=9%, signal=13%"
"MEDICUS_REFERENCE_PTH_PTH1R_PKA_SIGNALING_PATHWAY (N00288)";"https://www.gsea-msigdb.org/gsea/msigdb/cards/KEGG_MEDICUS_REFERENCE_PTH_PTH1R_PKA_SIGNALING_PATHWAY.html";"Pathway Definition from KEGG: PTH -> PTH1R -> GNAS -> ADCY -> cAMP -> PKA";15;0,4970442;0,6817528;0,89708406;1;1;4927;"tags=33%, list=14%, signal=39%"
"MEDICUS_PATHOGEN_HCMV_US28_TO_GNB_G_PI3K_NFKB_SIGNALING_PATHWAY (N00400)";"https://www.gsea-msigdb.org/gsea/msigdb/cards/KEGG_MEDICUS_PATHOGEN_HCMV_US28_TO_GNB_G_PI3K_NFKB_SIGNALING_PATHWAY.html";"Pathway Definition from KEGG: US28 -> GNB/G -> PI3K -> PIP3 -> AKT -> IKK -> NFKBIA -> NFKB => (IL6,CXCL8)";31;0,461262;0,6807583;0,91399664;1;1;1132;"tags=10%, list=3%, signal=10%"
"MEDICUS_VARIANT_MUTATION_INACTIVATED_PDE11A_PDE8B_TO_ACTH_CORTISOL_SIGNALING_PATHWAY (N00323)";"https://www.gsea-msigdb.org/gsea/msigdb/cards/KEGG_MEDICUS_VARIANT_MUTATION_INACTIVATED_PDE11A_PDE8B_TO_ACTH_CORTISOL_SIGNALING_PATHWAY.html";"Pathway Definition from KEGG: (PDE11A*,PDE8B*) // cAMP -> (PRKAR1A+PRKACA) -> (NR5A1,NR4A1,SP1,PBX1,CREB) => (STAR,CYP11B1) -> Cortisol";20;0,48098293;0,6772962;0,89824563;1;1;2636;"tags=10%, list=7%, signal=11%"
"HUNTINGTONS_DISEASE (hsa05016)";"https://www.gsea-msigdb.org/gsea/msigdb/cards/KEGG_HUNTINGTONS_DISEASE.html";"Huntington's disease";178;0,37112466;0,6764139;0,998538;1;1;2969;"tags=8%, list=8%, signal=9%"
"MEDICUS_VARIANT_MUTATION_ACTIVATED_PRKACA_TO_ACTH_CORTISOL_SIGNALING_PATHWAY (N00320)";"https://www.gsea-msigdb.org/gsea/msigdb/cards/KEGG_MEDICUS_VARIANT_MUTATION_ACTIVATED_PRKACA_TO_ACTH_CORTISOL_SIGNALING_PATHWAY.html";"Pathway Definition from KEGG: PRKACA* -> (NR5A1,NR4A1,SP1,PBX1,CREB) => (STAR,CYP11B1) -> Cortisol";17;0,48391023;0,6759789;0,9073084;1;1;2636;"tags=12%, list=7%, signal=13%"
"MEDICUS_VARIANT_MUTATION_INACTIVATED_PRKAR1A_TO_ACTH_CORTISOL_SIGNALING_PATHWAY (N00322)";"https://www.gsea-msigdb.org/gsea/msigdb/cards/KEGG_MEDICUS_VARIANT_MUTATION_INACTIVATED_PRKAR1A_TO_ACTH_CORTISOL_SIGNALING_PATHWAY.html";"Pathway Definition from KEGG: (PRKAR1A*+PRKACA) -> (NR5A1,NR4A1,SP1,PBX1,CREB) => (STAR,CYP11B1) -> Cortisol";18;0,4836538;0,6752212;0,9184692;1;1;2636;"tags=11%, list=7%, signal=12%"
"DRUG_METABOLISM_OTHER_ENZYMES (hsa00983)";"https://www.gsea-msigdb.org/gsea/msigdb/cards/KEGG_DRUG_METABOLISM_OTHER_ENZYMES.html";"Drug metabolism - other enzymes";51;0,4219151;0,66832525;0,9686985;1;1;2304;"tags=12%, list=6%, signal=13%"
"MEDICUS_REFERENCE_DISASSEMBLY_OF_MCC (N01533)";"https://www.gsea-msigdb.org/gsea/msigdb/cards/KEGG_MEDICUS_REFERENCE_DISASSEMBLY_OF_MCC.html";"Pathway Definition from KEGG: TRIP13+MAD2L1BP -| MCC -| ANAPC";17;0,48078072;0,65595686;0,9041591;1;1;4865;"tags=12%, list=13%, signal=14%"
"MEDICUS_VARIANT_MUTATION_CAUSED_ABERRANT_ABETA_TO_ELECTRON_TRANSFER_IN_COMPLEX_I (N00997)";"https://www.gsea-msigdb.org/gsea/msigdb/cards/KEGG_MEDICUS_VARIANT_MUTATION_CAUSED_ABERRANT_ABETA_TO_ELECTRON_TRANSFER_IN_COMPLEX_I.html";"Pathway Definition from KEGG: APP* -> Abeta -> CHRNA7 -> Ca2+ -> CAPN -> CDK5R1 == CDK5 -> MAPT -| CxI -> Q";51;0,41380727;0,64592993;0,98571426;1;1;3400;"tags=6%, list=9%, signal=6%"
"ABC_TRANSPORTERS (hsa02010)";"https://www.gsea-msigdb.org/gsea/msigdb/cards/KEGG_ABC_TRANSPORTERS.html";"ABC transporters";44;0,42094865;0,6446314;0,97483224;1;1;2793;"tags=18%, list=8%, signal=20%"
"MEDICUS_VARIANT_MUTATION_CAUSED_ABERRANT_HTT_TO_TRANSPORT_OF_CALCIUM (N00987)";"https://www.gsea-msigdb.org/gsea/msigdb/cards/KEGG_MEDICUS_VARIANT_MUTATION_CAUSED_ABERRANT_HTT_TO_TRANSPORT_OF_CALCIUM.html";"Pathway Definition from KEGG: HTT* // DLG4 -> NMDAR -> Ca2+ -- MCU -> Ca2+(mito) -- MPTP -> CYCS == APAF1 -> CASP9 -> CASP3";19;0,45575726;0,64372784;0,9444444;1;1;1340;"tags=11%, list=4%, signal=11%"
"MEDICUS_VARIANT_MUTATION_INACTIVATED_ATP2B3_TO_ANGIOTENSIN_ALDOSTERONE_SIGNALING_PATHWAY (N00305)";"https://www.gsea-msigdb.org/gsea/msigdb/cards/KEGG_MEDICUS_VARIANT_MUTATION_INACTIVATED_ATP2B3_TO_ANGIOTENSIN_ALDOSTERONE_SIGNALING_PATHWAY.html";"Pathway Definition from KEGG: ATP2B3* -> Ca2+ -> CALM -> CAMK -> CREB => CYP11B2 -> Aldosterone";23;0,4490176;0,6414108;0,9378151;1;1;2636;"tags=9%, list=7%, signal=9%"
"MEDICUS_REFERENCE_TLR2_4_MAPK_SIGNALING_PATHWAY (N00438)";"https://www.gsea-msigdb.org/gsea/msigdb/cards/KEGG_MEDICUS_REFERENCE_TLR2_4_MAPK_SIGNALING_PATHWAY.html";"Pathway Definition from KEGG: (TLR2,TLR4) -> (TIRAP+MYD88) -> (IRAK4+IRAK1) -> (TRAF6+TAK1+TAB2) -> (MEK,MKK3/6,MKK4/7) -> (ERK,p38,JNK) -> AP1";26;0,43403193;0,63796705;0,95158595;1;1;1987;"tags=8%, list=5%, signal=8%"
"MEDICUS_PATHOGEN_SHIGELLA_IPGD_TO_ARNO_ARF_ACTB_G_SIGNALING_PATHWAY (N01067)";"https://www.gsea-msigdb.org/gsea/msigdb/cards/KEGG_MEDICUS_PATHOGEN_SHIGELLA_IPGD_TO_ARNO_ARF_ACTB_G_SIGNALING_PATHWAY.html";"Pathway Definition from KEGG: IpgD -> PI(5)P -> PI3K -> PIP3 -> ARNO -> ARF6 -> ARF1 -> (WASF+ABI1+HSPC300+CYFIP+NCKAP1) -> ARP2/3 -> (ACTB,ACTG1)";29;0,43331942;0,6348732;0,9614148;1;1;7105;"tags=45%, list=20%, signal=56%"
"MEDICUS_VARIANT_MUTATION_CAUSED_ABERRANT_ABETA_TO_TRANSPORT_OF_CALCIUM (N01003)";"https://www.gsea-msigdb.org/gsea/msigdb/cards/KEGG_MEDICUS_VARIANT_MUTATION_CAUSED_ABERRANT_ABETA_TO_TRANSPORT_OF_CALCIUM.html";"Pathway Definition from KEGG: APP* -> Abeta -> NMDAR -> Ca2+ -- MCU -> Ca2+(mito) -- MPTP -> CYCS";15;0,45917913;0,6314226;0,9261168;1;1;1340;"tags=13%, list=4%, signal=14%"
"SELENOAMINO_ACID_METABOLISM (hsa00450)";"https://www.gsea-msigdb.org/gsea/msigdb/cards/KEGG_SELENOAMINO_ACID_METABOLISM.html";"Selenoamino acid metabolism";26;0,42877823;0,62809885;0,9520548;1;1;2617;"tags=8%, list=7%, signal=8%"
"BETA_ALANINE_METABOLISM (hsa00410)";"https://www.gsea-msigdb.org/gsea/msigdb/cards/KEGG_BETA_ALANINE_METABOLISM.html";"beta-Alanine metabolism";22;0,4377588;0,6243587;0,9407783;1;1;3341;"tags=18%, list=9%, signal=20%"
"ONE_CARBON_POOL_BY_FOLATE (hsa00670)";"https://www.gsea-msigdb.org/gsea/msigdb/cards/KEGG_ONE_CARBON_POOL_BY_FOLATE.html";"One carbon pool by folate";17;0,44599766;0,61669844;0,9488536;1;1;4793;"tags=35%, list=13%, signal=41%"
"ALANINE_ASPARTATE_AND_GLUTAMATE_METABOLISM (hsa00250)";"https://www.gsea-msigdb.org/gsea/msigdb/cards/KEGG_ALANINE_ASPARTATE_AND_GLUTAMATE_METABOLISM.html";"Alanine, aspartate and glutamate metabolism";32;0,40708676;0,6042308;0,9808;1;1;3389;"tags=28%, list=9%, signal=31%"
"MEDICUS_REFERENCE_LESION_BYPASS_BY_TLS_AND_DSB_FORMATION (N01465)";"https://www.gsea-msigdb.org/gsea/msigdb/cards/KEGG_MEDICUS_REFERENCE_LESION_BYPASS_BY_TLS_AND_DSB_FORMATION.html";"Pathway Definition from KEGG: FANCD2+FANCI+Ub -> FAN1 == SLX+MUS81+EME1 == ERCC4+ERCC1+SNM1A -> REV1,REV3L,REV7";15;0,4429556;0,60189927;0,9494774;1;1;8067;"tags=47%, list=22%, signal=60%"
"MEDICUS_PATHOGEN_ESCHERICHIA_EAE_TIR_TO_ACTIN_SIGNALING_PATHWAY (N01092)";"https://www.gsea-msigdb.org/gsea/msigdb/cards/KEGG_MEDICUS_PATHOGEN_ESCHERICHIA_EAE_TIR_TO_ACTIN_SIGNALING_PATHWAY.html";"Pathway Definition from KEGG: Eae -> Tir -> NCK -> (WASL+WIPF) -> ARP2/3 -> (ACTB,ACTG1)";17;0,42104754;0,5880316;0,9601386;1;1;6405;"tags=29%, list=18%, signal=36%"
"MEDICUS_REFERENCE_COPI_VESICLE_FORMATION (N01293)";"https://www.gsea-msigdb.org/gsea/msigdb/cards/KEGG_MEDICUS_REFERENCE_COPI_VESICLE_FORMATION.html";"Pathway Definition from KEGG: GBF1 -> ARF1 == (KDELR+TMED2+TMED10) == (COPI+TMED4/9+TMED1/3/5/6/7)";23;0,4101958;0,5866213;0,97582036;1;1;5993;"tags=26%, list=16%, signal=31%"
"MEDICUS_REFERENCE_DEUBIQUITINATION_OF_H2AK119 (N01585)";"https://www.gsea-msigdb.org/gsea/msigdb/cards/KEGG_MEDICUS_REFERENCE_DEUBIQUITINATION_OF_H2AK119.html";"Pathway Definition from KEGG: PR-DUB -| cPRC1";26;0,39551732;0,57792544;0,9836334;1;1;2425;"tags=8%, list=7%, signal=8%"
"MEDICUS_VARIANT_IGF2_OVEREXPRESSION_TO_RAS_ERK_SIGNALING_PATHWAY (N00235)";"https://www.gsea-msigdb.org/gsea/msigdb/cards/KEGG_MEDICUS_VARIANT_IGF2_OVEREXPRESSION_TO_RAS_ERK_SIGNALING_PATHWAY.html";"Pathway Definition from KEGG: IGF2* -> IGF1R -> GRB2 -> SOS -> RAS -> RAF -> MEK -> ERK";15;0,4185337;0,5610902;0,97282606;1;1;4702;"tags=13%, list=13%, signal=15%"
"MEDICUS_REFERENCE_GENE_SILENCING_BY_METHYLATION_OF_H3K27_AND_UBIQUITINATION_OF_H2AK119 (N01577)";"https://www.gsea-msigdb.org/gsea/msigdb/cards/KEGG_MEDICUS_REFERENCE_GENE_SILENCING_BY_METHYLATION_OF_H3K27_AND_UBIQUITINATION_OF_H2AK119.html";"Pathway Definition from KEGG: PRC2.1 == (EPOP+ELOB+ELOC),(LCOR,LCORL+CTBP1,CTBP2) -- H3 -> PRC2.2 -- H3K27me3 == cPRC1 -- H2AK119+UB";40;0,3577731;0,55193585;0,9983897;1;1;4707;"tags=10%, list=13%, signal=11%"
"MEDICUS_VARIANT_MUTATION_CAUSED_ABERRANT_PSEN_TO_MGLUR5_CA2_APOPTOTIC_PATHWAY (N01007)";"https://www.gsea-msigdb.org/gsea/msigdb/cards/KEGG_MEDICUS_VARIANT_MUTATION_CAUSED_ABERRANT_PSEN_TO_MGLUR5_CA2_APOPTOTIC_PATHWAY.html";"Pathway Definition from KEGG: (PSEN1*,PSEN2*) -> RYR3 -> Ca2+ -- MCU -> Ca2+(mito) -- MPTP -> CYCS == APAF1 -> CASP9 -> (CASP3,CASP7)";16;0,38393214;0,5263439;0,9889706;1;1;6950;"tags=44%, list=19%, signal=54%"
"MEDICUS_PATHOGEN_HPV_E5_TO_EGFR_RAS_ERK_SIGNALING_PATHWAY (N00367)";"https://www.gsea-msigdb.org/gsea/msigdb/cards/KEGG_MEDICUS_PATHOGEN_HPV_E5_TO_EGFR_RAS_ERK_SIGNALING_PATHWAY.html";"Pathway Definition from KEGG: E5 -| V-ATPase -| EGFR -> GRB2 -> SOS -> RAS -> RAF -> MEK -> ERK";15;0,38969082;0,52416736;0,99281865;1;1;4702;"tags=13%, list=13%, signal=15%"
"DNA_REPLICATION (hsa03030)";"https://www.gsea-msigdb.org/gsea/msigdb/cards/KEGG_DNA_REPLICATION.html";"DNA replication";36;0,34421217;0,5213887;1;1;1;7647;"tags=33%, list=21%, signal=42%"
"MEDICUS_REFERENCE_ACTIVATION_OF_PRC2.2_BY_UBIQUITINATION_OF_H2AK119_IN_GERMLINE_GENES (N01614)";"https://www.gsea-msigdb.org/gsea/msigdb/cards/KEGG_MEDICUS_REFERENCE_ACTIVATION_OF_PRC2.2_BY_UBIQUITINATION_OF_H2AK119_IN_GERMLINE_GENES.html";"Pathway Definition from KEGG: PRC1.6 -- (MGA,MAX+L3MBTL2+E2F6) -- H2AK119+UB -> PRC2.2";27;0,36182994;0,520972;1;1;1;7709;"tags=41%, list=21%, signal=52%"
"MEDICUS_REFERENCE_PP2A_AKT_SIGNALING_PATHWAY (N00355)";"https://www.gsea-msigdb.org/gsea/msigdb/cards/KEGG_MEDICUS_REFERENCE_PP2A_AKT_SIGNALING_PATHWAY.html";"Pathway Definition from KEGG: PP2A -| AKT";19;0,36998317;0,51598835;0,9932088;1;1;3374;"tags=16%, list=9%, signal=17%"
"MEDICUS_REFERENCE_CX3CR1_GNAI_AC_PKA_SIGNALING_PATHWAY (N00403)";"https://www.gsea-msigdb.org/gsea/msigdb/cards/KEGG_MEDICUS_REFERENCE_CX3CR1_GNAI_AC_PKA_SIGNALING_PATHWAY.html";"Pathway Definition from KEGG: CX3CL1 -> CX3CR1 -> GNAI -| ADCY -> cAMP -> PKA";17;0,37008458;0,5157655;0,9914966;1;1;5640;"tags=41%, list=15%, signal=49%"
"MEDICUS_REFERENCE_FANCONI_ANEMIA_PATHWAY (N01464)";"https://www.gsea-msigdb.org/gsea/msigdb/cards/KEGG_MEDICUS_REFERENCE_FANCONI_ANEMIA_PATHWAY.html";"Pathway Definition from KEGG: FANCM+TOPBP1+MHF+FAAP24 -> ATR -> FAcore == FANCL+UBE2T -> FANCD2+FANCI+Ub";19;0,36986923;0,51464945;0,99284434;1;1;2668;"tags=5%, list=7%, signal=6%"
"MEDICUS_PATHOGEN_SALMONELLA_SOPE_TO_RAC_SIGNALING_PATHWAY (N01128)";"https://www.gsea-msigdb.org/gsea/msigdb/cards/KEGG_MEDICUS_PATHOGEN_SALMONELLA_SOPE_TO_RAC_SIGNALING_PATHWAY.html";"Pathway Definition from KEGG: SopE -> RAC1 -> (WASF+ABI1+HSPC300+CYFIP+NCKAP1) -> ARP2/3 -> (ACTB,ACTG1)";20;0,34194967;0,48076874;0,99828476;1;1;7105;"tags=45%, list=20%, signal=56%"
"MEDICUS_REFERENCE_CONDENSIN_LOADING (N01497)";"https://www.gsea-msigdb.org/gsea/msigdb/cards/KEGG_MEDICUS_REFERENCE_CONDENSIN_LOADING.html";"Pathway Definition from KEGG: PP2A == Condensin_II -> TOP2A+KIF4A+DNMT3B == Condensin_I";20;0,33185866;0,45749995;1;1;1;6352;"tags=45%, list=17%, signal=54%"
"MEDICUS_VARIANT_MUTATION_ACTIVATED_EGFR_TO_RAS_ERK_SIGNALING_PATHWAY (N00014)";"https://www.gsea-msigdb.org/gsea/msigdb/cards/KEGG_MEDICUS_VARIANT_MUTATION_ACTIVATED_EGFR_TO_RAS_ERK_SIGNALING_PATHWAY.html";"Pathway Definition from KEGG: EGFR* -> GRB2 -> SOS -> RAS -> RAF -> MEK -> ERK -> CCND1";15;0,3229924;0,44450378;0,9961759;0,9998286;1;4702;"tags=13%, list=13%, signal=15%"
